SNO,FIN_YR,INV_NO,BASIC_AMT,SER_TAX_RATE,SER_TAX,ED_CESS,HED_CESS,TOT_AMT,TRN_DESC,TRN_TYPE,INV_NO1,BILL_QTY,LOG_QTY,LOG_RED,IT_PENALITY,TRN_PENALITY
1,2007-08,52713,96856,,11623,232,NULL,108711,DATA ENTRYOF RETURNS EXCLDING PTEC,,,,,,,
2,2007-08,52714,1197468,,143696,2874,1437,1345475,DATA ENTRY OF REGIS.FORM,,,,,,,
3,2007-08,52715,5404,,649,13,6,6072,DATA ENTRYOF RETURNS EXCLDING PTEC,,,,,,,
4,2007-08,52716,925125,,111015,2220,1110,1039470,DATA ENTRY OF REGIS.FORM,,,,,,,
5,2007-08,52717,4129,,495,10,5,4639,DATA ENTRYOF RETURNS EXCLDING PTEC,,,,,,,
6,2007-08,52718,130,,15,1,NULL,146,DATA ENTRYOF RETURNSPTEC,,,,,,,
7,2007-08,52719,1144715,,137366,2747,1373,1286201,DATA ENTRY OF REGIS.FORM,,,,,,,
8,2007-08,52720,1003252,,120390,2408,1204,1127254,DATA ENTRYOF RETURNS EXCLDING PTEC,,,,,,,
9,2007-08,52721,194,,23,1,NULL,218,DATA ENTRYOF RETURNSPTEC,,,,,,,
10,2007-08,52722,681748,,81810,1636,818,766012,DATA ENTRY OF REGIS.FORM,,,,,,,
11,2007-08,52723,2901845,,348222,6964,3482,3260513,DATA ENTRYOF RETURNS EXCLDING PTEC,,,,,,,
12,2007-08,52724,4665,,559,12,6,5242,DATA ENTRYOF RETURNSPTEC,,,,,,,
13,2007-08,52725,10672,,1281,26,13,11992,DATA ENTRY OF FORMS UTILIZATION,,,,,,,
14,2007-08,52726,526076,,63129,1263,632,591100,DATA ENTRY OF REGIS.FORM,,,,,,,
15,2007-08,52727,5762256,,691471,13829,6915,6474471,DATA ENTRYOF RETURNS EXCLDING PTEC,,,,,,,
16,2007-08,52728,1239365,,148724,2974,1487,1392550,DATA ENTRYOF RETURNSPTEC,,,,,,,
17,2007-08,52729,373,,44,1,1,419,DATA ENTRY OF FORMS UTILIZATION,,,,,,,
18,2007-08,52730,501966,,60236,1205,602,564009,DATA ENTRY OF REGIS.FORM,,,,,,,
19,2007-08,52731,8341493,,1000979,20020,10010,9372502,DATA ENTRYOF RETURNS EXCLDING PTEC,,,,,,,
20,2007-08,52732,2149045,,257885,5158,2579,2414667,DATA ENTRYOF RETURNSPTEC,,,,,,,
21,2007-08,52733,1537,,184,4,2,1727,DATA ENTRY OF FORMS UTILIZATION,,,,,,,
22,2007-08,52734,425101,,51013,1020,510,477644,DATA ENTRY OF REGIS.FORM,,,,,,,
23,2007-08,52735,5777018,,693242,13865,6932,6491057,DATA ENTRYOF RETURNS EXCLDING PTEC,,,,,,,
24,2007-08,52736,1518816,,182258,3645,1823,1706542,DATA ENTRYOF RETURNSPTEC,,,,,,,
25,2007-08,52737,4195,,503,10,5,4713,DATA ENTRY OF FORMS UTILIZATION,,,,,,,
26,2007-08,52738,573005,,68761,1375,687,643828,DATA ENTRY OF REGIS.FORM,,,,,,,
27,2007-08,52739,8362477,,1003497,20070,10035,9396079,DATA ENTRYOF RETURNS EXCLDING PTEC,,,,,,,
28,2007-08,52740,1976089.356,,237131,4743,2371,2220334.356,DATA ENTRYOF RETURNSPTEC,,,,,,,
29,2007-08,52741,9355,,1123,22,11,10511,DATA ENTRY OF FORMS UTILIZATION,,,,,,,
30,2007-08,52744,687896.9384,,82547.63261,1650.952652,825.4763261,772921,DATE ENTRYOF REGISTRATION,,,,,,,
31,2007-08,52745,8619060.164,,1034287.22,20685.74439,10342.8722,9684376,DATA ENTRY OF RETURNS,,,,,,,
32,2007-08,52746,1636445.354,,196373.4425,3927.46885,1963.734425,1838710,DATE ENTRY OF PTEC CHALLANS,,,,,,,
33,2007-08,52747,638380.2065,,76605.62478,1532.112496,766.0562478,717284,DATE ENTRYOF REGISTRATION,,,,,,,
34,2007-08,52748,8068369.527,,968204.3432,19364.08686,9682.043432,9065620,DATA ENTRY OF RETURNS,,,,,,,
35,2007-08,52749,1513700.605,,181644.0726,3632.881452,1816.440726,1700794,DATE ENTRY OF PTEC CHALLANS,,,,,,,
36,2007-08,52750,699547.8818,,83945.74582,1678.914916,839.4574582,786012,DATE ENTRYOF REGISTRATION,,,,,,,
37,2007-08,52751,7667038,,920044.56,18400.8912,9200.4456,8614683.897,DATA ENTRY OF RETURNS,,,,,,,
38,2007-08,52752,759326.2727,,91119.15272,1822.383054,911.1915272,853179,DATE ENTRY OF PTEC CHALLANS,,,,,,,
39,2007-08,52753,1163050.018,,139566.0021,2791.320043,1395.660021,1306803,DATE ENTRY OF FORMS UTILIZATION,,,,,,,
40,2007-08,52754,1645461.018,,197455.3222,3949.106444,1974.553222,1848840,DATEA ENTRY OF PTEC,,,,,,,
41,2007-08,52755,7744917.23,,929390.0676,18587.80135,9293.900676,8702189,DATA ENTRY OF RETURNS,,,,,,,
42,2007-08,52756,8568438.056,,1028212.567,20564.25133,10282.12567,9627497,DATA ENTRY OF REGI.&FORMS UTILIZATION,,,,,,,
43,2007-08,52757,11369943.93,,1364393.272,27287.86543,13643.93272,12775269,PTEC PRINTING & DESPATCH,,,,,,,
44,2007-08,52758,25010251.87,,3001230.224,60024.60449,30012.30224,28101519,DATA ENTRY OF REGISTRATION,,,,,,,
45,2007-08,52759,33465662.16,,4015879.459,80317.58918,40158.79459,37602018,DATA ENTRY OF RETURNS,,,,,,,
46,2007-08,52760,5780469.918,,693656.3902,13873.1278,6936.563902,6494936,DATA ENTRY OF PTEC,,,,,,,
47,2007-08,52761,9351617.124,,1122194.055,22443.8811,11221.94055,10507477,DATE ENTRY OF FORMS UTILIZATION,,,,,,,
48,2007-08,52762,53317440.37,,6398092.844,127961.8569,63980.92844,59907476,DATA ENTRY OF ANNUAL RETURNS,,,,,,,
49,2007-08,52763,200000,,24000,480,240,224720,PRINTING OF PROSECUTION NOTICES,,,,,,,
50,2008-09,52702,766865,NULL,92023.8,1840.476,920,861649.276, Data Entry of Registation from 1-04-2008 to 30-04-2008,1,NULL,0,0,0,0,0
51,2008-09,52703,7729761,NULL,927571.32,18551.4264,9275.7132,8685159.46, Data Entry of Returns Cum Challans excl   PTEC  from 01-04-2008 to 30-04-2008 ,2,NULL,0,0,0,0,0
52,2008-09,52704,1330943,NULL,159713.16,3194.2632,1597.1316,1495447.555, Data Entry of Returns Cum Challans for   PTEC  from 01-04-2008 to 30-04-2008 ,3,NULL,0,0,0,0,0
53,2008-09,52705,241999,NULL,29039.88,580.7976,290.3988,271910.0764, Data Entry of forms utilisation from 1-04-2008 to 30-04-2008,4,NULL,0,0,0,0,0
54,2008-09,52706,921079,NULL,110529.48,2210.5896,1106,1034925.07, Data Entry of Registation from 1-05-2008 to 31-05-2008,1,NULL,0,0,0,0,0
55,2008-09,52707,8105265,NULL,972631.8,19452.636,9726.318,9107075.754, Data Entry of Returns Cum Challans  excl   PTEC  from 01-05-2008 to 31-05-2008 ,2,NULL,0,0,0,0,0
56,2008-09,52708,2109743,NULL,253169.16,5063.3832,2531.6916,2370507.235, Data Entry of Returns Cum Challans for   PTEC  from 01-05-2008 to 31-05-2008 ,3,NULL,0,0,0,0,0
57,2008-09,52709,688314,NULL,82597.68,1651.9536,825.9768,773389.6104, Data Entry of forms utilisation from 1-05-2008 to 31-05-2008,4,NULL,0,0,0,0,0
58,2008-09,52710,798743,NULL,95849.16,1916.9832,958.4916,897467.6348, Data Entry of Registation from 1-06-2008 to 30-06-2008,1,NULL,0,0,0,0,0
59,2008-09,52711,8488168,NULL,1018580.16,20371.6032,10185.8016,9537305.565, Data Entry of Returns Cum Challans  excl   PTEC  from 01-06-2008 to 30-06-2008 ,2,NULL,0,0,0,0,0
60,2008-09,52712,1553661,NULL,186439.32,3728.7864,1864.3932,1745693.5, Data Entry of Returns Cum Challans for   PTEC  from 01-06-2008 to 30-06-2008 ,3,NULL,0,0,0,0,0
61,2008-09,52713,404591,NULL,48550.92,971.0184,485.5092,454598.4476, Data Entry of forms utilisation from 1-06-2008 to 30-06-2008,4,NULL,0,0,0,0,0
62,2008-09,52714,628670,NULL,75440.4,1508.808,754.404,706373.612, Data Entry of Registation from 1-07-2008 to 31-07-2008,1,NULL,0,0,0,0,0
63,2008-09,52715,8201773,NULL,984212.76,19684.2552,9842.1276,9215512.143, Data Entry of Returns Cum Challans excl   PTEC  from 01-07-2008 to 31-07-2008 ,2,NULL,0,0,0,0,0
64,2008-09,52716,1694778,NULL,203373.36,4067.4672,2033.7336,1904252.561, Data Entry of Returns Cum Challans for   PTEC  from 01-07-2008 to 31-07-2008 ,3,NULL,0,0,0,0,0
65,2008-09,52717,391635,NULL,46996.2,939.924,469.962,440041.086, Data Entry of forms utilisation from 1-07-2008 to 31-07-2008,4,NULL,0,0,0,0,0
66,2008-09,52718,575432,NULL,69051.84,1381.0368,690.5184,646555.3952, Data Entry of Registation from 1-08-2008 to 31-08-2008,1,NULL,0,0,0,0,0
67,2008-09,52719,7705060,NULL,924607.2,18492.144,9246.072,8657405.416, Data Entry of Returns Cum Challans excl   PTEC  from 01-08-2008 to 31-08-2008 ,2,NULL,0,0,0,0,0
68,2008-09,52720,1591176,NULL,190941.12,3818.8224,1909.4112,1787845.354, Data Entry of Returns Cum Challans for  PTEC  from 01-08-2008 to 31-08-2008 ,3,NULL,0,0,0,0,0
69,2008-09,52721,686557,NULL,82386.84,1647.7368,823.8684,771415.4452, Data Entry of forms utilisation from 1-08-2008 to 31-08-2008,4,NULL,0,0,0,0,0
70,2008-09,52722,610870,NULL,73304.4,1466.088,733.044,686373.532, Data Entry of Registation from 1-09-2008 to 30-09-2008,1,NULL,0,0,0,0,0
71,2008-09,52723,8546626,NULL,1025595.12,20511.9024,10255.9512,9602988.974, Data Entry of Returns Cum Challans excl  PTEC  from 01-09-2008 to 30-09-2008 ,2,NULL,0,0,0,0,0
72,2008-09,52724,1843968,NULL,221276.16,4425.5232,2212.7616,2071882.445, Data Entry of Returns Cum Challans for  PTEC  from 01-09-2008 to 30-09-2008 ,3,NULL,0,0,0,0,0
73,2008-09,52725,566920,NULL,68030.4,1360.608,680.304,636991.312, Data Entry of forms utilisation from 1-09-2008 to 30-09-2008,4,NULL,0,0,0,0,0
74,2008-09,52726,1178535,NULL,141424.2,2828.484,1414.242,1324201.926, Data Entry of Registation from 1-10-2008 to 31-10-2008,1,NULL,0,0,0,0,0
75,2008-09,52727,8543597,NULL,1025231.64,20504.6328,10252.3164,9599585.589, Data Entry of Returns Cum Challans excl  PTEC  from 01-10-2008 to 31-10-2008 ,2,NULL,0,0,0,0,0
76,2008-09,52728,1919789,NULL,230374.68,4607.4936,2303.7468,2157074.92, Data Entry of Returns Cum Challans for  PTEC  from 01-10-2008 to 31-10-2008 ,3,NULL,0,0,0,0,0
77,2008-09,52729,270964,NULL,32515.68,650.3136,325.1568,304455.1504, Data Entry of forms utilisation from 1-10-2008 to 31-10-2008,4,NULL,0,0,0,0,0
78,2008-09,52730,1315273,NULL,157832.76,3156.6552,1578.3276,1477840.743, Data Entry of Registation from 1-11-2008 to 30-11-2008,1,NULL,0,0,0,0,0
79,2008-09,52731,8339347,NULL,1000721.64,20014.4328,10007.2164,9370090.289, Data Entry of Returns Cum Challans excl  PTEC  from 01-11-2008 to 30-11-2008 ,2,NULL,0,0,0,0,0
80,2008-09,52732,1529908,NULL,183588.96,3671.7792,1835.8896,1719004.629, Data Entry of Returns Cum Challans for  PTEC  from 01-11-2008 to 30-11-2008 ,3,NULL,0,0,0,0,0
81,2008-09,52733,123503,NULL,14820.36,296.4072,148.2036,138767.9708, Data Entry of forms utilisation from 1-11-2008 to 30-11-2008,4,NULL,0,0,0,0,0
82,2008-09,52766,15165022.32,NULL,1819802.678,36396.05357,0,17021221.05, Data Entry of Returns Cum Challans Excl PTEC up to 31-03-2007 (Ported in Feb 2009),2,NULL,0,0,0,0,0
83,2008-09,52767,702784.26,NULL,84334.1112,1686.682224,843.341112,789648.3945, Data Entry of Registation from 1-12-2008 to 31-12-2008,1,NULL,0,0,0,0,0
84,2008-09,52768,9265307,NULL,1111836.84,22236.7368,11118.3684,10410498.95, Data Entry of Returns Cum Challans Excl PTEC from 1-12-2008 to 31-12-2008,2,NULL,0,0,0,0,0
85,2008-09,52769,1503301,NULL,180396.12,3607.9224,1803.9612,1689109.004, Data Entry of Returns Cum Challans for PTEC from 1-12-2008 to 31-12-2008,3,NULL,0,0,0,0,0
86,2008-09,52770,223223.4,NULL,26786.808,535.73616,267.86808,250813.8122, Data Entry of forms utilisation from 1-12-2008 to 31-12-2008,4,NULL,0,0,0,0,0
87,2008-09,52771,702298.8,NULL,84275.856,1685.51712,842.75856,789102.9317, Data Entry of Registation from 1-1-2009 to 31-01-2009,1,NULL,0,0,0,0,0
88,2008-09,52772,7899633,NULL,947955.96,18959.1192,9479.5596,8876027.639, Data Entry of Returns Cum Challans Excl PTEC from 1-1-2009 to 31-1-2009,2,NULL,0,0,0,0,0
89,2008-09,52773,1430757,NULL,171690.84,3433.8168,1716.9084,1607598.565, Data Entry of Returns Cum Challans for PTEC from 1-01-2009 to 31-01-2009,3,NULL,0,0,0,0,0
90,2008-09,52774,18138.96,NULL,2176.6752,43.533504,21.766752,20380.93546, Data Entry of forms utilisation from 1-01-2009 to 31-01-2009,4,NULL,0,0,0,0,0
91,2008-09,52775,12590288,NULL,1510834.56,30216.6912,15108.3456,14146447.6,Printing and Despatch of courtesy letters,7,NULL,0,0,0,0,0
92,2008-09,52776,1447318,NULL,173678.16,3473.5632,1736.7816,1626206.505, Data Entry of Registation from 1-2-2009 to 28-02-2009,1,NULL,0,0,0,0,0
93,2008-09,52777,9216764,NULL,1106011.68,22120.2336,11060.1168,10355956.03, Data Entry of Returns Cum Challans Excl PTEC from 1-02-2009 to 28-02-2009,2,NULL,0,0,0,0,0
94,2008-09,52778,1479605,NULL,177552.6,3551.052,1775.526,1662484.178, Data Entry of Returns Cum Challans  for  PTEC from 1-02-2009 to 28-02-2009,3,NULL,0,0,0,0,0
95,2008-09,52779,316202,NULL,37944.24,758.8848,379.4424,355284.5672, Data Entry of forms utilisation from 1-02-2009 to 28-02-2009,4,NULL,0,0,0,0,0
96,2008-09,52780,7989215,NULL,958705.8,19174.116,9587.058,8976681.974, Data Entry of Registation from 1-04-2008 to 28-02-2009,1,NULL,0,0,0,0,0
97,2008-09,52781,662977,NULL,66297.7,1325.954,662,731262.654,Data Entry of Registration Forms from  01-03-09 to 31-03-09,1,NULL,0,0,0,0,0
98,2008-09,52782,8801375,NULL,880137.5,17602.75,8801.375,9707916.625,Data Entry of Returns-cum-Challans excluding PTEC- from 01-03-09 to 31-03-09,2,NULL,0,0,0,0,0
99,2008-09,52783,1504884,NULL,150488.4,3009.768,1504.884,1659887.052,Data Entry of Returns-cum-Challans  for  PTEC- from 01-03-09 to 31-03-09- ,3,NULL,0,0,0,0,0
100,2008-09,52784,884418,NULL,88441.8,1768.836,884.418,975513.054,Data Entry of  Form Utilisation  from 01-03-09 to 31-03-09-,4,NULL,0,0,0,0,0
101,2008-09,52785,5724343,NULL,572434,11448.68,5724.34,6313950.02,Data Entry of  Form Utilisation  from( min assured) 01-04-09 to 31-03-09 ,4,NULL,0,0,0,0,0
102,2008-09,52786,53317440,NULL,5331744,106634.88,53317.44,58809136.32,Data Entry of  Annual returns   ( Min Assured qty)from 01-04-2008 to 31-03-2009 ,5,NULL,0,0,0,0,0
103,2009-10,52701,1344077,,134407.7,2688.154,1344.077,1482516.931,Data Entry of Registration Forms from  01-04-09 to 30-04-09,1,52701,8306,9138,0,0,0
104,2009-10,52704,1564799,,156479.9,3129.598,1564.799,1725973.297,Data Entry of Registration Forms from  01-05-09 to 31-05-09,1,52704,9670,8897,0,0,0
105,2009-10,52707,614592,,61459.2,1229.184,614.592,677894.976,Data Entry of Registration Forms from  01-06-09 to 30-06-09,1,52707,3798,7128,0,0,0
106,2009-10,52713,1741669,,174166.9,3483.338,1741.669,1921060.907,Data Entry of Registration Forms from  01-07-09 to 31-07-09,1,52713,10763,8204,0,0,0
107,2009-10,52718,1694255.4,,169425.54,3388.5108,1694.2554,1868763.706,Data Entry of Registration Forms from  01-08-09 to 31-08-09,1,52718,10470,5675,0,0,0
108,2009-10,52723,2179230,,217923,4358.46,2179.23,2403690.69,Data Entry of Registration Forms from  01-09-09 to 30-09-09,1,52723,13467,8024,0,0,0
109,2009-10,52726,1402665,,140266.5,2805.33,1402.665,1547139.495,Data Entry of Registration Forms from  01-09-09 to 30-09-09,1,52726,168848,168848,-0.4,0,0
110,2009-10,52728,1389386,,138938.6,2778.772,1389.386,1532492.758,Data Entry of Registration Forms from  01-10-09 to 31-10-09,1,52728,8586,7162,0,0,0
111,2009-10,52750,2010452,,201045.2,4020,2010.452,2217527.652,Data Entry of Registration Forms from  01-10-09 to 31-10-09,1,52750,12424,8837,0,0,0
112,2009-10,52755,2168226,,216823,4336,2168,2391553,Data Entry of Registration Forms from  01-12-09 to 31-12-09,1,52755,13399,8725,0,0,0
113,2009-10,52760,1073514,,107351.4,2147.028,1073.514,1184085.942,Data Entry of Registration Forms from  01-01-2010 to 31-1-2010,1,52760,6634,9697,0,0,0
114,2009-10,52764,1735034,,173503.4,3470.068,1735.034,1913742.502,Data Entry of Registration Forms from  01-02-2010 to 28-02-2010,1,52764,10722,9881,0,0,0
115,2009-10,52768,2055761,,205577,4111.54,2055.77,2267505.31,Data Entry of Registration Forms from  01-03-2010 to 31-03-2010,1,52768,12704,11903,0,0,0
116,2009-10,52702,10199557,,1019955.7,20399.114,10199.557,11250111.37,Data Entry of Returns-cum-Challans excluding PTEC- from 01-04-09 to 30-04-09,2,52702,947298,516056,0,0,0
117,2009-10,52705,9080882,,908088.2,18161.764,9080.882,10016212.85,Data Entry of Returns-cum-Challans excluding PTEC- from 01-05-09 to 31-05-09,2,52705,671082,372414,0,0,0
118,2009-10,52708,6190874,,619087.4,12381.748,6190.874,6828534.022,Data Entry of Returns-cum-Challans excluding PTEC- from 01-06-09 to 30-06-09,2,52708,277437,288691,0,0,0
119,2009-10,52714,7547509,,754750.9,15095.018,7547.509,8324903,Data Entry of Returns-cum-Challans excluding PTEC- from 01-07-09 to 30-07-09,2,52714,308236,219758,0,0,0
120,2009-10,52719,8126864,,812686.4,16253.728,8126.864,8963930.992,Data Entry of Returns-cum-Challans excluding PTEC- from 01-08-09 to 31-08-09,2,52719,435522,239294,0,0,0
121,2009-10,52724,5322380,,532238,10644.76,5322.38,5870585.14,Data Entry of Returns-cum-Challans excluding PTEC- from 01-09-09 to 30-09-09,2,52724,212725,108939,0,0,0
122,2009-10,52729,9000336,,900033.6,18000,9000.336,9927369.936,Data Entry of Returns-cum-Challans excluding PTEC- from 01-10-09 to 31-10-09,2,52729,651194,300736,0,0,0
123,2009-10,52751,8277160,,827716,16554.32,8277.16,9129707.48,Data Entry of Returns-cum-Challans excl PTEC- from 01-11-09 to 30-11-09,2,52751,472632,274214,0,0,0
124,2009-10,52756,7413251,,741326,14826,7413,8176816,Data Entry of Returns-cum-Challans excl PTEC- from 01-12-09 to 31-12-09,2,52756,296293,201214,0,0,0
125,2009-10,52761,7926575,,792657.5,15853.15,7926.575,8743012.225,Data Entry of Returns-cum-Challans excl PTEC- from 01-01-2010 to 31-1-2010,2,52761,387461,271794,0,0,0
126,2009-10,52765,8021585,,802158.5,16043.17,8021.585,8847808.255,Data Entry of Returns-cum-Challans excl PTEC- from 01-02-2010 to 28-02-2010,2,52765,409527,204192,0,0,0
127,2009-10,52769,7911733,,791173.3,15824,7911.733,8726642.033,Data Entry of Returns-cum-Challans excl PTEC- from 01-03-2010 to 31-03-2010,2,52769,384163,255997,0,0,0
128,2009-10,52730,1252973,,125297.3,2505.946,1252.973,1382029.219,Data Entry of Returns-cum-Challans for PTEC- from 01-10-09 to 31-10-09,3,52730,19336,17271,0,0,0
129,2009-10,52752,1314242,,131424.2,2628.484,1314.242,1449608.926,Data Entry of Returns-cum-Challans for PTEC- from 01-11-09 to 30-11-09,3,52752,21291,19412,0,0,0
130,2009-10,52757,1349962,,134997,2700,1350,1489009,Data Entry of Returns-cum-Challans for PTEC- from 01-12-09 to 31-12-09,3,52757,23819,23076,0,0,0
131,2009-10,52766,1348606,,134860.6,2697.212,1348.606,1487512.418,Data Entry of Returns-cum-Challans for PTEC- from 01-02-2010 to 28-02-2010,3,52766,23726,23654,0,0,0
132,2009-10,52770,1319315,,131931.5,2638.63,1319.315,1455204.445,Data Entry of Returns-cum-Challans for PTEC- from 01-03-2010 to 31-03-2010,3,52770,21650,21607,0,0,0
133,2009-10,52703,1432369,,143236.9,2864.738,1432.369,1579903.007,Data Entry of Returns-cum-Challans  for  PTEC- from 01-04-09 to 30-04-09- ,3,52703,29651,27180,0,0,0
134,2009-10,52706,980035,,98003.5,1960.07,980.035,1080978.605,Data Entry of Returns-cum-Challans  for  PTEC- from 01-05-09 to 31-05-09- ,3,52706,15124,12207,0,0,0
135,2009-10,52709,1447290,,144729,2894.58,1447.29,1596360.87,Data Entry of Returns-cum-Challans  for  PTEC- from 01-06-09 to 30-06-09- ,3,52709,30707,16704,0,0,0
136,2009-10,52715,1755062,,175506.2,3510.124,1755.062,1935833.386,Data Entry of Returns-cum-Challans  for  PTEC- from 01-07-09 to 31-07-09- ,3,52715,55561,29333,0,0,0
137,2009-10,52720,1631932,,163193.2,3263.864,1631.932,1800020.996,Data Entry of Returns-cum-Challans  for  PTEC- from 01-08-09 to 31-08-09- ,3,52720,44703,38249,0,0,0
138,2009-10,52725,1479365,,147936.5,2958.73,1479.365,1631739.595,Data Entry of Returns-cum-Challans  for  PTEC- from 01-09-09 to 30-09-09- ,3,52725,32977,28632,0,0,0
139,2009-10,52762,1315047,,131504.7,2630.094,1315.047,1450496.841,Data Entry of Returns-cum-Challans forl PTEC- from 01-01-2010 to 31-1-2010,3,52762,21348,21209,0,0,0
140,2009-10,52710,2358063,,235806.3,4716.126,2358.063,2600943.489,Data Entry of  Form Utilisation  from 01-04-09 to 30-04-09-,4,52710,404749,0,0,0,0
141,2009-10,52711,1314856,,131485.6,2629.712,1314.856,1450286.168,Data Entry of  Form Utilisation  from 01-05-09 to 31-05-09-,4,52711,147167,0,0,0,0
142,2009-10,52712,945436,,94543.6,1890.872,945.436,1042815.908,Data Entry of  Form Utilisation  from 01-07-09 to 31-07-09-,4,52712,55952,582247,0,0,0
143,2009-10,52716,1350917,,135091.7,2701.834,1350.917,1490062,Data Entry of  Form Utilisation  from 01-07-09 to 31-07-09-,4,52716,156071,151306,0,0,0
144,2009-10,52721,1871200,,187120,3742.4,1871.2,2063933.6,Data Entry of  Form Utilisation  from 01-08-09 to 31-08-09-,4,52721,284536,102970,1,0,0
145,2009-10,52731,1103256,,110325.6,2206.512,1103.256,1216891.368,Data Entry of  Form Utilisation  from 01-10-09 to 31-10-09-,4,52731,94920,94920,0,0,0
146,2009-10,52753,1308510,,130851,2617.02,1308.51,1443286.53,Data Entry of forms utilization- from 01-11-09 to 30-11-09,4,52753,145600,145600,0,0,0
147,2009-10,52758,1357232,,135723,2714,1357,1497026,Data Entry of forms utilization- from 01-12-09 to 31-12-09,4,52758,157630,157630,0,0,0
148,2009-10,52763,1441050,,144105,2882.1,1441.05,1589478.15,Data Entry of forms utilization- from 01-1-2010 to 31-1-2010,4,52763,178326,178326,-0.3,0,0
149,2009-10,52767,1262397,,126239.7,2524.794,1262.397,1392423.891,Data Entry of forms utilization- from 01-02-2010 to 28-02-2010,4,52767,134214,134214,0.3,0,0
150,2009-10,52771,1280432,,128043.2,2560.864,1280.432,1412316.496,Data Entry of forms utilization- from 01-03-2010 to 31-03-2010,4,52771,138667,138667,-0.35,0,0
151,2009-10,52772,53317440,,5331744,106634.88,53317.44,58809136.32,Data entry of Annual Returns ( Min assured qty 01-04-2009 to 31-03-2010),5,NULL,0,0,NULL,NULL,NULL
152,2009-10,52717,12125,,1212.5,24.25,12.125,13373.875,software dev @ 50000/- per man month ie 200 man hrs. billed for 48.30 man hrs,10,52717,0,0,0,0,0
153,2009-10,52727,3026880,,302688,6053.76,3026.88,3338648.64,Printing og PTEC courtesy letters,7,52727,1513440,1513440,0,0,0
154,2009-10,52773,80380,,8038,160.76,80.38,88659.14,Printing of penalty order & demand Notices,8,52773,20095,20095,0,0,0
155,2009-10,52759,461164,,46116,923,461,508664,#N/A,9,52759,230582,230582,0,0,0
156,2009-10,52722,17479,,1749,34.98,17.49,19280.47,software dev @ 50000/- per man month ie 200 man hrs. billed for 69.55 man hrs,10,52722,NULL,NULL,0,0,0
157,2009-10,52754,37750,,3775,75.5,37.75,41638.25,software dev @ 50000/- per man month ie 200 man hrs. billed for 151.00 man hrs,10,52754,NULL,NULL,0,0,0
158,2009-10,52774,27125,,2712.5,54.25,27.125,29918.875,software dev @ 50000/- per man month ie 200 man hrs. billed for 108.3 man hrs,10,52774,NULL,NULL,0,0,0
159,2010-11,52702,3615706.08,12.24,433884.7296,8677.694592,0,4058268.504,Data Entry of Registration Forms from  01-04-06 to 31-03-07,1,0,0,0,0,0,0
160,2010-11,52703,2475846,10.3,247584.6,4951.692,2475.846,2730858.138,Data Entry of Registration Forms 01-04-2010 To 30-04-2010,1,52703,15300,13925,222502.5,0,19822.95
161,2010-11,52708,1697006,10.3,169700.6,3394.012,1697.006,1871797.618,Data Entry of Registration Forms 01-05-2010 To 31-05-2010,1,52708,10487,9273,196449.14,0,1699.11
162,2010-11,52712,1527743,10.3,152774.3,3055.486,1527,1685099.786,Data Entry of Registration Forms 01-06-2010 To 30-06-2010,1,52712,9441,8357,175413.26,0,0
163,2010-11,52717,1438094,10.3,143809.4,2876.188,1438.094,1586217.682,Data Entry of Registration Forms 01-07-2010 To 31-07-2010,1,52717,8887,7832,170719.76,12673.74,0
164,2010-11,52723,1593927,10.3,159392.7,3187.854,1593.927,1758101.481,Data Entry of Registration Forms 01-08-2010 To 31-08-2010,1,52723,9850,8634,196773.12,0,0
165,2010-11,52728,1146656,10.3,114665.6,2293.312,1146.656,1264761.568,Data Entry of Registration Forms 01-09-2010 To 30-09-2010,1,52728,7086,6262,133340.16,10133.17,0
166,2010-11,52733,1452335,10.3,145233.5,2904,1452.335,1601924.835,Data Entry of Registration Forms 01-10-2010 To 31-10-2010,1,52733,8975,8078,145153.04,0,0
167,2010-11,52739,1344886,10.3,134488.6,2689.772,1344.886,1483409.258,Data Entry of Registration Forms 01-11-2010 To 30-11-2010,1,52739,8311,7432,142239.8,36079.39,0
168,2010-11,52745,1672895,10.3,167289.5,3345.79,1672.895,1845203.185,Data Entry of Registration Forms 01-12-2010 To 31-12-2010,1,52745,10338,9040,210042.2,0,0
169,2010-11,52751,1603798,10.3,160379.8,3207.596,1603.798,1768989.194,Data Entry of Registration Forms 01-1-2011 To 31-1-2011,1,52751,9911,8763,185769.34,0,0
170,2010-11,52765,2969943,10.3,296994.3,5939.886,2969.943,3275847.129,Data Entry of Registration Forms 01-2-2011 To 28-2-2011,1,52765,27714,14113,686177.34,0,0
171,2010-11,52771,400297,10.3,40029.7,800.594,400.297,441527.591,Data Entry of Registration Forms 01-4-2010 To 30-4-2010 ( slab 1),1,0,0,0,0,0,0
172,2010-11,52772,996326,10.3,99632.6,1992.652,996.326,1098947.578,Data Entry of Registration Forms 01-5-2010 To 31-5-2010,1,0,0,0,0,0,0
173,2010-11,52773,1253293,10.3,125329.3,2506.586,1253.293,1382382.179,Data Entry of Registration Forms 01-5-2010 To 31-5-2010 salb 1,1,0,0,0,0,0,0
174,2010-11,52774,1373794,10.3,137379.4,2747.588,1373.794,1515294.782,Data Entry of Registration Forms 01-7-2010 To 31-7-2010 Slab 1,1,0,0,0,0,0,0
175,2010-11,52775,1263599,10.3,126359.9,2527.198,1263.599,1393749.697,Data Entry of Registration Forms 01-8-2010 To 31-8-2010 Slab 1,1,0,0,0,0,0,0
176,2010-11,52776,1278863,10.3,127886.3,2557.726,1278.863,1410585.889,Data Entry of Registration Forms 01-9-2010 To 30-9-2010 Slab 1,1,0,0,0,0,0,0
177,2010-11,52777,1089049,10.3,108904.9,2178.098,1089.049,1201221.047,Data Entry of Registration Forms 01-10-2010 To 31-10-2010 Slab 1,1,0,0,0,0,0,0
178,2010-11,52778,889039,10.3,88903.9,1778.078,889.039,980610.017,Data Entry of Registration Forms 01-11-2010 To 30-11-2010 Slab 1,1,0,0,0,0,0,0
179,2010-11,52779,1142778,10.3,114277.8,2285.556,1142.778,1260484.134,Data Entry of Registration Forms 01-12-2010 To 31-12-2010 Slab 1,1,0,0,0,0,0,0
180,2010-11,52782,2891044,10.3,289104.4,5782.088,2891.044,3188821.532,Data Entry of Registration Forms 01-3-2011 To 31-3-2011,1,52782,23711,17474,128585.8,27624.58,0
181,2010-11,52701,1115191.44,12.24,133822.9728,2676.459456,0,1251690.872,Data Entry of Returns-cum-Challans excluding PTEC- from 01-04-06 to 31-03-07,2,0,0,0,0,0,0
182,2010-11,52704,7951321,10.3,795132.1,15902,7951.321,8770306.421,Data Entry of Returns cum Challans Excluding PTEC  From 01-04-2010 To 30-04-2010                   ,2,52704,392960,315011,369664.56,0,88546.8
183,2010-11,52707,1451160,12.24,174139.2,3482.784,0,1628781.984,Data Entry of Returns-cum-Challans Excluding PTEC  From 01-04-2006 To 31-03-2007        ,2,0,0,0,0,0,0
184,2010-11,52709,10109412,10.3,1010941.2,20218.824,10109.412,11150681.44,Data Entry of Returns cum Challans excl PTEC  From 01-05-2010 To 31-05-2010      ,2,52709,925040,532822,1588482.9,0,326438.92
185,2010-11,52713,7604295,10.3,760429.5,15208.59,7605,8387538.09,Data Entry of Returns cum Challans excl PTEC  From 01-06-2010 To 30-06-2010      ,2,52713,319503,280616,583282.68,0,381576.91
186,2010-11,52718,8042179,10.3,804217.9,16084.358,8042.179,8870523.437,Data Entry of Returns cum Challans excl PTEC  From 01-07-2010 To 31-07-2010      ,2,52718,414612,331557,377131.72,76650.47,359029.32
187,2010-11,52724,7643108,10.3,764310.8,15286.216,7643.108,8430348.124,Data Entry of Returns cum Challans excl PTEC  From 01-08-2010 To 31-08-2010      ,2,52724,327204,272977,813223.46,0,287713.33
188,2010-11,52729,6052112,10.3,605211.2,12104.224,6052.112,6675479.536,Data Entry of Returns cum Challans excl PTEC  From 01-09-2010 To 30-09-2010      ,2,52729,271891,263321,-536178.42,65882.91,307088.71
189,2010-11,52746,7506000,10.3,750600,15012,7506,8279118,Data Entry of Returns cum challans excl PTEC From 01-12-2010 To 31-12-2010,2,52746,300000,347013,-236945.52,0,357502.55
190,2010-11,52747,1571125,10.3,157112.5,3142.25,1571.125,1732950.875,Data Entry of Returns cum challans excl PTEC From 01-12-2010 To 31-12-2010,2,52747,39471,39468,42.16,0,24680.13
191,2010-11,52752,8509342,10.3,850934.2,17018.684,8509.342,9385804.226,Data Entry of Returns cum challans excl PTEC From 01-01-2011 To 31-01-2011 Slab- 1,2,52752,529961,504296,103943.2,0,413183.56
192,2010-11,52766,8064644,10.3,806464.4,16129.288,8064.644,8895302.332,Data Entry of Returns cum challans excl PTEC From 01-02-2011 To 28-02-2011 Slab- 1,2,52766,420159,340749,353269.04,0,198354.81
193,2010-11,52783,7506000,10.3,750600,15012,7506,8279118,Data Entry of Returns cum challans excl PTEC From 01-03-2011 To 31-03-2011 Slab- 1,2,52783,300000,245907,1353406.86,61525.93,199552.81
194,2010-11,52784,1580233,10.3,158023.3,3160.466,1580.233,1742996.999,Data Entry of Returns cum challans excl PTEC From 01-03-2011 To 31-03-2011 Slab- 1,2,52784,40144,40144,0.04,15802.33,25102.85
195,2010-11,52714,1204373,10.3,120437.3,2408.746,1204.373,1328423.419,Data Entry of Returns cum Challans incl PTEC  From 01-06-2010 To 30-06-2010      ,2,52714,18586,18583,194.6,0,11620.32
196,2010-11,52705,1328810,10.3,132881,2657.62,1328.81,1465677.43,Data Entry of Returns cum Challans for PTEC  From 01-04-2010 To 30-04-2010      ,3,52705,22322,22240,1158.8,0,13907.12
197,2010-11,52710,1050991,10.3,105099.1,2101.982,1050.991,1159243.073,Data Entry of Returns cum Challans for PTEC  From 01-05-2010 To 31-05-2010      ,3,52710,16219,16218,64.6,0,10141.44
198,2010-11,52725,1935379,10.3,193537.9,3870.758,1935.379,2134723.037,Data Entry of Returns cum Challans for PTEC  From 01-08-2010 To 31-08-2010      ,3,52725,71462,71462,-0.08,0,44686.62
199,2010-11,52730,1780735,10.3,178073.5,3561.47,1780.735,1964150.705,Data Entry of Returns cum Challans for PTEC  From 01-09-2010 To 30-09-2010      ,3,52730,57825,57825,0,17807.36,36159.13
200,2010-11,52735,1923835,10.3,192383.5,3847.67,1923.835,2121990.005,Data Entry of Returns cum Challans for PTEC  From 01-10-2010 To 31-10-2010      ,3,52735,70444,68918,17304.88,0,43095.8
201,2010-11,52741,1605680,10.3,160568,3211.36,1605.68,1771065.04,Data Entry of Returns cum Challans for PTEC  From 01-11-2010 To 30-11-2010      ,3,52741,42388,42388,0.08,48170.4,26506.06
202,2010-11,52767,1669468,10.3,166946.8,3338.936,1669.468,1841423.204,Data Entry of Returns cum challans for PTEC From 01-02-2011 To 28-02-2011 Slab- 1,3,52767,48013,48011,22.26,0,30022.24
203,2010-11,52719,1645483,10.3,164549,3290.98,1645.49,1814968.47,Data Entry of Returns cum Challans for  PTEC  From 01-07-2010 To 31-07-2010      ,3,52719,45898,45895,33.7,16454.49,28699.06
204,2010-11,52753,1637103,10.3,163710.3,3274.206,1637.103,1805724.609,Data Entry of Returns cum challans  for  PTEC From 01-01-2011 To 31-01-2011 Slab- 1,3,52753,45159,45159,-0.06,0,28238.83
205,2010-11,52706,1089591,10.3,108959.1,2179.182,1089.591,1201818.873,Data Entry of Forms Utilization   ,4,52706,91546,91546,-0.3,0,0
206,2010-11,52711,1171296,10.3,117129.6,2342.592,1171.296,1291939.488,Data Entry of Forms Utilization    From 01-05-2010 To 31-05-2010 ,4,52711,111720,111720,0,0,0
207,2010-11,52715,1414000,10.3,141400,2828,1414,1559642,Data Entry of Forms Utilization    From 01-06-2010 To 30-06-2010 ,4,52715,171647,171647,-0.35,0,0
208,2010-11,52720,1414523,10.3,141452.3,2829.046,1414.523,1560218.869,Data Entry of Forms Utilization    From 01-07-2010 To 31-07-2010 ,4,52720,171776,171776,0.2,14145.23,0
209,2010-11,52726,1373573,10.3,137357.3,2747.146,1373.573,1515051.019,Data Entry of Forms Utilization    From 01-08-2010 To 31-8-2010 ,4,52726,161665,161665,199999.75,0,0
210,2010-11,52731,1258643,10.3,125864.3,2517.286,1258.643,1388283.229,Data Entry of Forms Utilization    From 01-09-2010 To 30-9-2010 ,4,52731,133287,133287,-0.35,12586.42,0
211,2010-11,52736,1278480,10.3,127848,2556.96,1278.48,1410163.44,Data Entry of Forms Utilization    From 1-10-2010 To 31-10-2010 ,4,52736,138185,138185,-0.25,0,0
212,2010-11,52742,1308166,10.3,130816.6,2616.332,1308.166,1442907.098,Data Entry of Forms Utilization    From 1-11-2010 To 30-11-2010 ,4,52742,145515,145515,0.25,39244.97,0
213,2010-11,52748,1382483,10.3,138248.3,2764.966,1382.483,1524878.749,Data Entry of  Forms utilisation  From 01-12-2010 To 31-12-2010,4,52748,163865,163865,-0.25,0,0
214,2010-11,52754,1256694,10.3,125669.4,2514,1256.694,1386134.094,Data Entry of  Forms utilisation  From 01-01-2011 To 31-1-2011 (Slab -1),4,52754,132806,132806,-0.3,0,0
215,2010-11,52768,1216360,10.3,121636,2432.72,1216.36,1341645.08,Data Entry  for forms utilisation  From 01-02-2011 To 28-02-2011 Slab- 1,4,52768,122847,122847,-0.35,0,0
216,2010-11,52785,1498629,10.3,149862.9,2997.258,1498.629,1652987.787,Data Entry  for forms utilisation  From 01-03-2011 To 31-03-2011 Slab- 1,4,52785,192543,192543,-0.15,14986.29,0
217,2010-11,52788,53317440,10.3,5331744,106634.88,53317.44,58809136.32,Data entry of Annual Returns ( Min assured qty 01-04-2010 to 31-03-2011),5,0,0,0,0,0,0
218,2010-11,52716,692904,10.3,69290.4,1385.808,692.904,764273.112,Printing of Demand Nptice  i,8,52716,346452,0,0,0,0
219,2010-11,52738,309560,10.3,30956,619.12,309.56,341444.68,printing  services,4,52738,154780,0,0,0,0
220,2010-11,52744,121328,10.3,12132.8,242.656,121.328,133824.784,Printing of Non filler Penalty Order -1,8,52744,60664,0,0,0,0
221,2010-11,52750,676736,10.3,67673.6,1353.472,676.736,746439.808,Printing of Non filler Penalty Order -1,8,52750,338368,0,0,0,0
222,2010-11,52770,44884,10.3,4488.4,89.768,44.884,49507.052,Printing of Non filler Demand Notices Order -2,4,52770,22442,22442,0,0,0
223,2010-11,52787,8340,10.3,834,16.68,8.34,9199.02,Printing of Non filler Penalty Order -1,8,52787,4170,4170,0,0,0
224,2010-11,52721,50000,10.3,5000,100,50,55150,software dev for Mahavikas Query  period from 01.07.2010 to 31.07.2010 @ 50000/- per man month,10,0,0,0,0,0,0
225,2010-11,52722,24250,10.3,2425,48.5,24.25,26747.75,software dev @ 50000/- per man month ie 200 man hrs. billed for 97.0 man hrs,10,52722,0,0,0,0,0
226,2010-11,52727,50000,10.3,5000,100,50,55150,software dev @ 50000/- per man month ie 200 man hrs. billed for  one Man Month,10,52727,0,0,0,0,0
227,2010-11,52732,50000,10.3,5000,100,50,55150,software dev @ 50000/- per man month ie 200 man hrs. billed for  one Man Month,10,52732,0,0,0,0,0
228,2010-11,52737,50000,10.3,5000,100,50,55150,software dev @ 50000/- per man month ie 200 man hrs. billed for  one Man Month,10,52737,0,0,0,0,0
229,2010-11,52743,50000,10.3,5000,100,50,55150,software dev @ 50000/- per man month ie 200 man hrs. billed for  one Man Month01-11-2010 to 30-11-2010,10,52743,0,0,0,0,0
230,2010-11,52749,50000,10.3,5000,100,50,55150,software dev @ 50000/- per man month ie 200 man hrs. billed for  one Man Month01-12-2010 to 31-12-2010,10,52749,0,0,0,0,0
231,2010-11,52755,50000,10.3,5000,100,50,55150,software dev @ 50000/- per man month ie 200 man hrs. billed for  one Man Month01-1-2011 to 31-1-2011,10,52755,0,0,0,0,0
232,2010-11,52769,50000,10.3,5000,100,50,55150,software dev @ 50000/- per man month ie 200 man hrs. billed for  one Man Month01-2-2011 to 28-2-2011,10,52769,0,0,0,0,0
233,2010-11,52786,50000,10.3,5000,100,50,55150,software dev @ 50000/- per man month ie 200 man hrs. billed for  one Man Month01-3-2011 to 31-3-2011,10,52786,0,0,0,0,0
234,2010-11,52781,2427000,10.3,242700,4854,2427,2676981,Internet connections : Leasedlines for 400 internet connections - 20 MBPS 1:1 per year,11,0,0,0,0,0,0
235,2010-11,52780,1163253,10.3,116325.3,2326.506,1163.253,1283068.059,Data Entry of Registration Forms 01-01-2011 To 31-1-2011 Slab 1,1,0,0,0,0,0,0
236,2010-11,52734,8137414,10.3,813741.4,16274.828,8137.414,8975567.642,Data Entry of Returns cum Challans excl PTEC  From 01-10-2010 To 31-10-2010 ,2,52734,438127,504691,-269584.55,0,278437.09
237,2010-11,52740,7549162,10.3,754916.2,15098.324,7549.162,8326725.686,Data Entry of Returns cum Challans excl PTEC  From 01-10-2010 To 31-10-2010 ,2,52740,308564,438225,-588648.25,244134.34,260962.18
238,2011-12,52701,2832899,10.3,283289.9,5665.798,2832.899,3124687.597,Data Entry of Registration Forms 01-04-2011 To 30-04-2011 Slab-1 ,1,52701,20761,14249,527125.82,23057.73,0
239,2011-12,52708,2764426,10.3,276442.6,5528.852,2764.426,3049161.878,Data Entry of Registration Forms 01-05-2011 To 31-05-2011 Slab-1,1,52708,17555,11691,872589.38,0,0
240,2011-12,52718,2801965,0,0,288602.395,0,3090567.395,Data Entry of Registration Forms 01-07-2011 To 31-07-2011 Slab-1,1,52718,19222,14399,471918.82,0,0
241,2011-12,52724,2774438,0,0,285767.114,0,3060205.114,Data Entry of Registration Forms 01-08-2011 To 31-08-2011 Slab-1,1,52724,17967,13384,608639.12,21657.99,0
242,2011-12,52729,2621322,0,0,269996.166,0,2891318.166,Data Entry of Registration Forms 01-09-2011 To 30-09-2011 Slab-1,1,52729,16199,12847,542420.46,41578.03,0
243,2011-12,52735,2564200,0,0,264112.6,0,2828312.6,Data Entry of Registration Forms 01-10-2011 To 31-10-2011 Slab-1,1,52735,15846,10604,848260.72,34318.79,0
244,2011-12,52740,2824247,0,0,290897.441,0,3115144.441,Data Entry of Registration Forms 01-11-2011 To 30-11-2011 Slab-1,1,52740,20322,15076,384648.68,0,0
245,2011-12,52745,2835915,0,0,292099.245,0,3128014.245,Data Entry of Registration Forms 01-12-2011 To 31-12-2011 Slab-1,1,52745,20914,15249,368321.82,0,0
246,2011-12,52750,2849140,0,0,293462,0,3142602,Data Entry of Registration Forms 01-1-2012 To 31-1-2012 Slab-1,1,52750,21585,15074,409865.32,24392.75,0
247,2011-12,52756,2840882,0,0,292610.846,0,3133492.846,Data Entry of Registration Forms 01-2-2012 To 29-02-2012 Slab-1,1,52756,21166,14379,514072.22,0,0
248,2011-12,52762,2837551,0,0,292267.753,0,3129818.753,Data Entry of Registration Forms 01-3-2012 To 31-03-2012 Slab-1,1,52762,20997,16765,124638.7,0,0
249,2011-12,52702,10572303,10.3,1057230.3,21144.606,10572.303,11661250.21,Data Entry of Returns cum Challans Excluding PTEC  From 01-04-2011 To 30-04-2011 Salb -1                   ,2,52702,1039334,751873,1164217.35,94080.86,643862.83
250,2011-12,52709,8303469,10.3,830346.9,16606.938,8303.469,9158726.307,Data Entry of Returns cum Challans Excluding PTEC  From 01-05-2011 To 31-05-2011 Salb -1                   ,2,52709,479126,356098,518027,0,207680.73
251,2011-12,52713,2927073.69,0,0,301488.5901,0,3228562.28,Data Entry of Returns cum Challans Excluding PTEC  From 01-06-2011 To 30-06-2011 Salb -1,2,52713,25539,15415,432618.7,0,0
252,2011-12,52714,7062145.2,0,0,727400.9556,0,7789546.156,Data Entry of Returns cum Challans Excluding PTEC  From 01-06-2011 To 30-06-2011 Salb -1,2,52714,282260,247243,876125.14,0,100998.5
253,2011-12,52719,7765664,0,0,799863.392,0,8565527.392,Data Entry of Returns cum Challans excl PTEC  From 01-07-2011 To 31-07-2011 Salb -1,2,52719,351703,267287,1078142.26,0,209175.37
254,2011-12,52725,7668772,0,0,789883.516,0,8458655.516,Data Entry of Returns cum Challans excl PTEC  From 01-08-2011 To 31-08-2011 Salb -1,2,52725,332296,259516,1175681.68,64930.9,130559.24
255,2011-12,52730,5491740,0,0,565649.22,0,6057389.22,Data Entry of Returns cum Challans excl PTEC  From 01-09-2011 To 30-09-2011 Salb -1,2,52730,219494,184300,880554,92223.72,127823.78
256,2011-12,52736,9192970,0,0,946875.91,0,10139845.91,Data Entry of Returns cum Challans excl PTEC  From 01-10-2011 To 31-10-2011 Salb -1,2,52736,698758,584679,462020.05,174619,186688.53
257,2011-12,52741,9618183,0,0,990672.849,0,10608855.85,Data Entry of Returns cum Challans excl PTEC  From 01-11-2011 To 30-11-2011 Salb -1,2,52741,803749,533986,1092539.7,0,128118.36
258,2011-12,52742,1549916,0,0,159641.348,0,1709557.348,Data Entry of Returns cum Challans excl PTEC  From 01-11-2011 To 30-11-2011 Salb -1,8,52742,37970,37970,-0.1,0,17715.28
259,2011-12,52746,7525963,0,0,775174.189,0,8301137.189,Data Entry of Returns cum Challans excl PTEC  From 01-12-2011 To 31-12-2011 Slab -1,2,52746,303961,239302,1538626.96,0,34547.29
260,2011-12,52751,9309598,0,0,958888.594,0,10268486.59,Data Entry of Returns cum Challans excl PTEC  From 01-1-2012 To 31-1-2012 Slab -1,2,52751,727555,472287,1033835.65,82757.62,62635.54
261,2011-12,52757,8194641,0,0,844048.023,0,9038689.023,Data Entry of Returns cum Challans excl PTEC  From 01-2-2012 To 29-2-2012 Slab -1,2,52757,452257,342451,474687.96,0,55654.53
262,2011-12,52763,7780842,0,0,801426.726,0,8582268.726,Data Entry of Returns cum Challans excl PTEC  From 01-3-2012 To 31-3-2012 Slab -1,2,52763,355076,290094,522690.12,0,106094.76
263,2011-12,52703,1373673,10.3,137367.3,2747.346,1373.673,1515161.319,Data Entry of Returns cum Challans for PTEC  From 01-04-2011 To 30-04-2011 Slab-1       ,3,52703,25497,25497,0.39,13736.73,15365.51
264,2011-12,52710,1371836,10.3,137183.6,2743.672,1371.836,1513135.108,Data Entry of Returns cum Challans for PTEC  From 01-05-2011 To 31-05-2011 Salb -1                   ,3,52710,25367,25367,0.29,0,26711.45
265,2011-12,52716,1400724.45,0,0,144274.6184,0,1544999.068,Data Entry of Returns cum Challans for PTEC  From 01-06-2011 To 30-06-2011 Salb -1                   ,3,52716,168369,168369,-0.45,0,0
266,2011-12,52737,1429995,0,0,147289.485,0,1577284.485,Data Entry of Returns cum Challans for PTEC  From 01-10-2011 To 31-10-2011 Salb -1,3,52737,29483,29482,14.34,28599.61,24835.64
267,2011-12,52747,1567748,0,0,161478.044,0,1729226.044,Data Entry of Returns cum Challans for PTEC  From 01-12-2011 To 31-12-2011 Slab -1,3,52747,39232,39232,-0.16,0,12838.28
268,2011-12,52752,1463907,0,0,150782.421,0,1614689.421,Data Entry of Returns cum Challans for PTEC  From 01-1-2012 To 31-1-2012 Slab -1,3,52752,31883,31883,0.21,14639.07,13429.12
269,2011-12,52758,1514817,0,0,156026.151,0,1670843.151,Data Entry of Returns cum Challans for PTEC  From 01-2-2012 To 29-2-2012 Slab -1,3,52758,35486,35486,-0.18,0,10922.59
270,2011-12,52764,1380271,0,0,142167.913,0,1522438.913,Data Entry of Returns cum Challans for PTEC  From 01-3-2012 To 31-3-2012 Slab -1,3,52764,25964,25964,-8365.28,0,4129.99
271,2011-12,52711,1255017,10.3,125501.7,2510.034,1255.017,1384283.751,#N/A,8,52711,132392,132392,0.4,0,0
272,2011-12,52501,5,795100.5,0,0,0,16697110.5,NULL,11,NULL,0,0,NULL,0,0
273,2011-12,52502,5,729450,0,0,0,15318450,NULL,11,NULL,0,0,NULL,0,0
274,2011-12,52715,1317647.16,0,0,135717.6575,0,1453364.817,Data Entry of Returns cum Challans for  PTEC  From 01-06-2011 To 30-06-2011 Salb -1,3,52715,21532,21497,494.39,0,23681.1
275,2011-12,52720,1733130,0,0,178512.39,0,1911642.39,Data Entry of Returns cum Challans for  PTEC  From 01-07-2011 To 31-07-2011 Salb -1,3,52720,53627,38257,179158.57,0,44443.68
276,2011-12,52726,1955258,0,0,201391.574,0,2156649.574,Data Entry of Returns cum Challans for  PTEC  From 01-08-2011 To 31-08-2011 Salb -1,3,52726,73215,73211,45.26,19552.13,87000.26
277,2011-12,52731,1505944,0,0,155112.232,0,1661056.232,Data Entry of Returns cum Challans for  PTEC  From 01-09-2011 To 30-09-2011 Salb -1,3,52731,34858,34858,0.46,30118.87,41225.95
278,2011-12,52704,1092953,10.3,109295.3,2185.906,1092.953,1205527.159,Data Entry of Forms Utilization   From 01-04-2011 To 30-04-2011  Slab-1 ,4,52704,92376,92376,0.2,10929.53,0
279,2011-12,52721,1478436,0,0,152278.908,0,1630714.908,Data Entry of Forms Utilization   From 01-07-2011 To 31-07-2011  Slab-1,4,52721,187557,187557,0.15,0,0
280,2011-12,52727,1295967,0,0,133484.601,0,1429451.601,Data Entry of Forms Utilization   From 01-08-2011 To 31-08-2011  Slab-1,4,52727,142503,142503,-0.15,12959.67,0
281,2011-12,52732,1653052,0,0,170264.356,0,1823316.356,Data Entry of Forms Utilization   From 01-09-2011 To 30-09-2011  Slab-1,4,52732,230672,230672,0.4,33061.03,0
282,2011-12,52738,1522674,0,0,156835.422,0,1679509.422,Data Entry of  Forms  utilisation01-10-2011 To 31-10-2011 Slab-1,4,52738,198480,198480,0,30453.48,0
283,2011-12,52743,1601507,0,0,164956,0,1766463,Data Entry of  Forms  utilisation01-11-2011 To 30-11-2011 Slab-1,4,52743,217945,217945,-0.25,0,0
284,2011-12,52748,1935495,0,0,199355.985,0,2134850.985,Data Entry of  Forms  utilisation01-11-2011 To 31-12-2011 Slab-1,4,52748,300411,300411,0.45,0,0
285,2011-12,52753,1494344,0,0,153918,0,1648262,Data Entry of  Forms  utilisation01-1-2012 To 31-1-2012 Slab-1,4,52753,191485,191485,-0.25,14943.44,0
286,2011-12,52759,1405892,0,0,144806.876,0,1550698.876,Data Entry of  Forms  utilisation01-2-2012 To 29-2-2012 Slab-1,4,52759,169645,169645,-0.25,0,0
287,2011-12,52765,1376040,0,0,141732.12,0,1517772.12,Data Entry of  Forms  utilisation 01-3-2012 To 31-3-2012 Slab-1,4,52765,162274,162274,0.3,0,0
288,2011-12,52766,53317440,0,0,5491696.32,0,58809136.32,Data Entry of  Annual Returns 01-4-2011 To 31-3-2012 (Minimum Assured Qty),5,NULL,0,0,NULL,0,0
289,2011-12,52706,17396,10.3,1739.6,34.792,17.396,19187.788,Printing of Non filler Penalty Order -1,8,52706,8698,8698,0,0,0
290,2011-12,52707,508700,10.3,50870,1017.4,508.7,561096.1,Printing of short  filler Penalty Order -1,8,52707,254350,254350,0,0,0
291,2011-12,52723,484932,0,0,49947.996,0,534879.996,Printing of  non  filler Penalty Order -,8,52723,242466,242466,0,0,0
292,2011-12,52734,1420233,0,0,146283.999,0,1566516.999,Printing,8,52734,710116,355058,710116,0,0
293,2011-12,52755,798932,0,0,82289.996,0,881221.996,P of non filler ,8,52755,399496,399496,0,0,0
294,2011-12,52705,50000,10.3,5000,100,50,55150,software dev @ 50000/- per man month ie 200 man hrs. billed for  one Man Month,10,52705,0,0,0,0,0
295,2011-12,52712,50000,10.3,5000,100,50,55150,software dev @ 50000/- per man month ie 200 man hrs. billed for  one Man Month,10,52712,0,0,0,0,0
296,2011-12,52717,50000,0,0,5150,0,55150,software dev @ 50000/- per man month ie 200 man hrs. billed for  one Man Month,10,52717,0,0,0,0,0
297,2011-12,52722,50000,0,0,5150,0,55150,software dev @ 50000/- per man month ie 200 man hrs. billed for  one Man Month,10,52722,0,0,0,0,0
298,2011-12,52728,50000,0,0,5150,0,55150,software dev @ 50000/- per man month ie 200 man hrs. billed for  one Man Month,10,52728,0,0,0,0,0
299,2011-12,52733,50000,0,0,5150,0,55150,software dev @ 50000/- per man month ie 200 man hrs. billed for  one Man Month,10,52733,0,0,0,0,0
300,2011-12,52739,50000,0,0,5150,0,55150,software dev @ 50000/- per man month ie 200 man hrs. billed for  one Man Month,10,52739,0,0,0,0,0
301,2011-12,52744,50000,0,0,5150,0,55150,software dev(Software for Mahavikas Query) from 01.11.2011 to 30.11.2011,10,52744,0,0,0,0,0
302,2011-12,52749,50000,0,0,5150,0,55150,software dev(Software for Mahavikas Query) from 01.12.2011 to 31.12.2011,10,52749,0,0,0,0,0
303,2011-12,52754,50000,0,0,5150,0,55150,software dev(Software for Mahavikas Query) from 01.1.2012 to 31.1.2012,10,52754,0,0,0,0,0
304,2011-12,52760,50000,0,0,5150,0,55150,software dev(Software for Mahavikas Query) from 01.2.2012 to 29.2.2012,10,52760,0,0,0,0,0
305,2011-12,52767,50000,0,0,5150,0,55150,software dev(Software for Mahavikas Query) from 01.3.2012 to 31.3.2012,10,52767,0,0,0,0,0
306,2011-12,52761,74044,0,0,7626.532,0,81670.532,Prinnting of VAT/CST,8,NULL,0,0,NULL,0,0
307,2011-12,52768,189736,0,0,19542.808,0,209278.808,Prinnting of VAT/CST,8,52768,94668,94668,0,0,0
308,2012-13,52701,2897627,0,0,0,358146.6972,3255773.697,Data Entry of Registration Forms 01-04-2012 To 30-04-2012 Slab-1 ,1,52701,24045,24045,20,28976,0
309,2012-13,52707,2932908,0,0,0,362507.4288,3295415.429,Data Entry of Registration Forms 01-05-2012 To 31-05-2012 Slab-1 ,1,52707,25835,0,0,29329,0
310,2012-13,52713,2899776,0,0,0,358412.3136,3258188.314,Data Entry of Registration Forms 01-06-2012 To 30-06-2012 Slab-1 ,1,52713,24154,0,39,202981,0
311,2012-13,52718,2913060,0,0,0,360054.216,3273114.216,Data Entry of Registration Forms 01-07-2012 To 31-07-2012 Slab-1 ,1,52718,24828,0,0,203914,0
312,2012-13,52723,3033547,0,0,0,374946.4092,3408493.409,Data Entry of Registration Forms 01-08-2012 To 31-08-2012 Slab-1 ,1,52723,30941,0,20,242682,0
313,2012-13,52728,2781692,0,0,0,343817.1312,3125509.131,Data Entry of Registration Forms 01-09-2012 To 30-09-2012 Slab-1 ,1,52728,18295,0,0,222535,0
314,2012-13,52734,2942940,0,0,0,363747.384,3306687.384,Data Entry of Registration Forms 01-10-2012 To 31-10-2012 Slab-1 ,1,52734,29344,0,0,88288,0
315,2012-13,52739,2790330,0,0,0,344884.788,3135214.788,Data Entry of Registration Forms 01-11-2012 To 30-11-2012 Slab-1 ,1,52739,18690,0,22,27903,0
316,2012-13,52744,2874330,0,0,0,355267.188,3229597.188,Data Entry of Registration Forms 01-12-2012 To 31-12-2012 Slab-1 ,1,52744,22863,0,0,28743,0
317,2012-13,52749,2890827,0,0,0,357306.2172,3248133.217,Data Entry of Registration Forms 01-1-2013 To 31-1-2013 Slab-1 ,1,52749,23700,0,0,57817,0
318,2012-13,52756,2924669,0,0,0,361489.0884,3286158.088,Data Entry of Registration Forms 01-2-2013 To 28-2-2013 Slab-1 ,1,52756,25417,0,0,29247,0
319,2012-13,52762,2941719,0,0,0,363596.4684,3305315.468,Data Entry of Registration Forms 01-3-2013 To 31-3-2013 Slab-1 ,1,52762,26282,0,0,30214,0
320,2012-13,52702,9463210,0,0,0,1169652.756,10632862.76,Data Entry of Returns cum Challans Excluding PTEC  From 01-04-2012 To 30-04-2012 Salb -1                   ,2,52702,765484,735647,120840,93424,106463
321,2012-13,52708,8577135,0,0,0,1060133.886,9637268.886,Data Entry of Returns cum Challans Excluding PTEC  From 01-05-2012 To 31-05-2012 Salb -1                   ,2,52708,546700,0,77922,84992,79735
322,2012-13,52714,8057893,0,0,0,995955.5748,9053848.575,Data Entry of Returns cum Challans Excluding PTEC  From 01-06-2012 To 30-06-2012 Salb -1                   ,2,52714,418492,0,50168,560541,55242
323,2012-13,52719,9113983,0,0,0,1126488.299,10240471.3,Data Entry of Returns cum Challans Excluding PTEC  From 01-07-2012 To 31-07-2012 Salb -1                   ,2,52719,679255,0,75841,632670,87514
324,2012-13,52724,6497544,0,0,0,803096.4384,7300640.438,Data Entry of Returns cum Challans Excluding PTEC  From 01-08-2012 To 31-08-2012 Salb -1                   ,2,52724,259694,0,421862,486054,69079
325,2012-13,52729,6562296,0,0,0,811099.7856,7373395.786,Data Entry of Returns cum Challans Excluding PTEC  From 01-09-2012 To 30-09-2012 Salb -1                   ,2,52729,262282,0,354434,496629,44833
326,2012-13,52735,11075851,0,0,0,1368975.184,12444826.18,Data Entry of Returns cum Challans Excluding PTEC  From 01-10-2012 To 31-10-2012 Salb -1                   ,2,52735,1163667,0,47729,330844,75736
327,2012-13,52740,9043974,0,0,0,1117835.186,10161809.19,Data Entry of Returns cum Challans Excluding PTEC  From 01-11-2012 To 30-11-2012 Salb -1                   ,2,52740,661969,0,48871,89951,103513
328,2012-13,52745,8188651,0,0,0,1012117.264,9200768.264,Data Entry of Returns cum Challans Excluding PTEC  From 01-12-2012 To 31-12-2012 Salb -1                   ,2,52745,150778,0,43319,81453,153049
329,2012-13,52750,10243346,0,0,0,1266077.566,11509423.57,Data Entry of Returns cum Challans Excluding PTEC  From 01-1-2013 To 31-1-2013 Salb -1                   ,2,52750,958110,0,109755,172330,96162
330,2012-13,52757,7855457,0,0,0,970934.4852,8826391.485,Data Entry of Returns cum Challans Excluding PTEC  From 01-2-2013 To 28-2-2013 Salb -1                   ,2,52757,371657,0,129718,55306,66277
331,2012-13,52763,7551627,0,0,0,933381.0972,8485008.097,Data Entry of Returns cum Challans Excluding PTEC  From 01-3-2013 To 31-3-2013 Salb -1                   ,2,52763,309053,0,656465,68952,55424
332,2012-13,52703,1352548,0,0,0,167174.9328,1519722.933,Data Entry of Returns cum Challans for PTEC  From 01-04-2012 To 30-04-2012 Slab-1       ,3,52703,24002,24002,0,13525,9900
333,2012-13,52709,1361521,0,0,0,168283.9956,1529804.996,Data Entry of Returns cum Challans for  PTEC  From 01-05-2012 To 31-05-2012 Salb -1                   ,3,52709,24637,0,0,13615,5987
334,2012-13,52715,1583476,0,0,0,195717.6336,1779193.634,Data Entry of Returns cum Challans for  PTEC  From 01-06-2012 To 30-.06.2012 Salb -1                   ,3,52715,40430,0,0,110843,2266
335,2012-13,52720,1886685,0,0,0,233194.266,2119879.266,Data Entry of Returns cum Challans for  PTEC  From 01-07-2012 To 31-.07.2012 Salb -1                   ,3,52720,67168,0,0,132068,97931
336,2012-13,52725,1687872,0,0,0,208620.9792,1896492.979,Data Entry of Returns cum Challans for  PTEC  From 01-08-2012 To 31-.08.2012 Salb -1                   ,3,52725,49636,0,0,135030,71758
337,2012-13,52730,1465956,0,0,0,181192.1616,1647148.162,Data Entry of Returns cum Challans for  PTEC  From 01-08-2012 To 30-.09.2012 Salb -1                   ,3,52730,32028,0,241,117257,38520
338,2012-13,52736,1495657,0,0,0,184863.2052,1680520.205,Data Entry of Returns cum Challans for  PTEC  From 01-10-2012 To 31-.10.2012 Salb -1                   ,3,52736,34130,0,28,44869,28362
339,2012-13,52741,1512316,0,0,0,186922.2576,1699238.258,Data Entry of Returns cum Challans for  PTEC  From 01-11-2012 To 30-.11.2012 Salb -1                   ,3,52741,35309,0,0,15123,46001
340,2012-13,52751,1486147,0,0,0,183687.7692,1669834.769,Data Entry of Returns cum Challans for  PTEC  From 01-1-2013 To 31-.1.2013 Slab -1                   ,3,52751,33457,0,0,29723,27707
341,2012-13,52758,1463299,0,0,0,180863.7564,1644162.756,Data Entry of Returns cum Challans for  PTEC  From 01-2-2013 To 28-.2.2013 Slab -1                   ,3,52758,31840,0,-7475,14708,16465
342,2012-13,52764,1356194,0,0,0,167625.5784,1523819.578,Data Entry of Returns cum Challans for  PTEC  From 01-3-2013 To 31-.3.2013 Slab -1                   ,3,52764,24260,0,170,13560,23915
343,2012-13,52704,1427863,0,0,0,176483.8668,1604346.867,Data Entry of Forms Utilization   From 01-04-2012 To 30-04-2012  Slab-1 ,4,52704,175070,175070,0,14279,0
344,2012-13,52710,1399129,0,0,0,172932.3444,1572061.344,Data Entry of Forms Utilization   From 01-05-2012 To 31-05-2012  Slab-1 ,4,52710,167975,0,0,13991,0
345,2012-13,52716,1309571,0,0,0,161862.9756,1471433.976,Data Entry of Forms Utilization   From 01-06-2012 To 30-05-2012  Slab-1 ,4,52716,145862,0,0,91670,0
346,2012-13,52721,1401397,0,0,0,173212.6692,1574609.669,Data Entry of Forms Utilization   From 01-07-2012 To 31-07-2012  Slab-1 ,4,52721,168535,0,0,98098,0
347,2012-13,52726,1339756,0,0,0,165593.8416,1505349.842,Data Entry of Forms Utilization   From 01-08-2012 To 31-08-2012  Slab-1 ,4,52726,153315,0,0,107180,0
348,2012-13,52731,1257091,0,0,0,155376.4476,1412467.448,Data Entry of Forms Utilization   From 01-09-2012 To 30-09-2012  Slab-1 ,4,52731,132904,0,0,100567,0
349,2012-13,52737,1232751,0,0,0,152368.0236,1385119.024,Data Entry of Forms Utilization   From 01-10-2012 To 31-10-2012  Slab-1 ,4,52737,126894,0,0,36982,0
350,2012-13,52742,1346365,0,0,0,166410.714,1512775.714,Data Entry of Forms Utilization   From 01-11-2012 To 30-11-2012  Slab-1 ,4,52742,154947,0,0,13464,0
351,2012-13,52747,1422659,0,0,0,175840.6524,1598499.652,Data Entry of Forms Utilization   From 01-12-2012 To 31-12-2012  Slab-1 ,4,52747,173785,0,0,14227,0
352,2012-13,52752,1476844,0,0,0,182537.9184,1659381.918,Data Entry of Forms Utilization   From 01-1-2013 To 31-1-2013  Slab-1 ,4,52752,187164,0,0,29537,0
353,2012-13,52759,1361379,0,0,0,168266.4444,1529645.444,Data Entry of Forms Utilization   From 01-2-2013 To 28-2-2013  Slab-1 ,4,52759,158654,0,0,13614,0
354,2012-13,52765,1280480,0,0,0,158267.328,1438747.328,Data Entry of Forms Utilization   From 01-3-2013 To 31-3-2013  Slab-1 ,4,NULL,0,0,0,0,0
355,2012-13,52767,53317440,0,0,0,6590035.584,59907475.58,Data Entry of Annual Returns   From 01-3-2013 To 31-3-2013  Slab-1 ,5,52767,0,0,0,0,0
356,2012-13,52712,531216,0,0,0,65658.2976,596874.2976,Printing Charges May 2012,8,52712,265608,0,0,0,0
357,2012-13,52733,270056,0,0,0,33378.9216,303434.9216,Printing charges  during sept 2012,8,52733,0,0,0,0,0
358,2012-13,52761,583976,0,0,0,72179.4336,656155.4336,Printing VAT/CST Notices,8,52761,0,0,0,0,0
359,2012-13,52768,325900,0,0,0,40281.24,366181.24,printing VAT/CST Notices,8,52768,0,0,0,0,0
360,2012-13,52705,50000,0,0,0,6180,56180,software dev @ 50000/- per man month ie 200 man hrs. billed for  one Man Month,10,52705,0,0,0,0,0
361,2012-13,52711,50000,0,0,0,6180,56180,software dev @ 50000/- per man month ie 200 man hrs. billed for  one Man Month,10,52711,0,0,0,0,0
362,2012-13,52717,50000,0,0,0,6180,56180,software dev @ 50000/- per man month ie 200 man hrs. billed for  01.06.2012 to 30.06.2012,10,52717,0,0,0,0,0
363,2012-13,52722,50000,0,0,0,6180,56180,software dev @ 50000/- per man month ie 200 man hrs. billed for  01.07.2012 to 31.07.2012,10,52722,0,0,0,0,0
364,2012-13,52727,50000,0,0,0,6180,56180,software dev @ 50000/- per man month ie 200 man hrs. billed for  01.08.2012 to 31.08.2012,10,52727,0,0,0,0,0
365,2012-13,52732,50000,0,0,0,6180,56180,software dev @ 50000/- per man month ie 200 man hrs. billed for  01.09.2012 to 30.09.2012,10,52732,0,0,0,0,0
366,2012-13,52738,50000,0,0,0,6180,56180,software dev @ 50000/- per man month ie 200 man hrs. billed for  01.10.2012 to 31.10.2012,10,52738,0,0,0,0,0
367,2012-13,52743,50000,0,0,0,6180,56180,software dev @ 50000/- per man month ie 200 man hrs. billed for  01.11.2012 to 30.11.2012,10,52743,0,0,0,0,0
368,2012-13,52748,50000,0,0,0,6180,56180,software dev @ 50000/- per man month ie 200 man hrs. billed for  01.12.2012 to 31.12.2012,10,52748,0,0,0,0,0
369,2012-13,52753,50000,0,0,0,6180,56180,software dev @ 50000/- per man month ie 200 man hrs. billed for  01.1.2013 to 31.1.2013,10,52753,0,0,0,0,0
370,2012-13,52760,50000,0,0,0,6180,56180,software dev @ 50000/- per man month ie 200 man hrs. billed for  01.2.2013 to 28.2.2013,10,52760,0,0,0,0,0
371,2012-13,52766,50000,0,0,0,6180,56180,software dev @ 50000/- per man month ie 200 man hrs. billed for  01.3.2013 to 31.3.2013,10,52765,138679,0,0,12805,0
372,2012-13,52746,1442528,0,0,0,178296.4608,1620824.461,#N/A,3,52746,30370,0,0,14425,20614
373,2012-13,52706,2427000,0,0,0,299977.2,2726977.2,#N/A,8,NULL,0,0,0,0,0
374,2012-13,52754,250000,0,0,0,30900,280900,#N/A,8,NULL,0,0,0,0,0
375,2012-13,52755,100000,0,0,0,12360,112360,#N/A,8,NULL,0,0,0,0,0
376,2012-13,52769,80000,0,0,0,9888,89888,Maintence & Management,8,NULL,0,0,0,0,0
377,2013-14,52740,100000,0,12360,0,0,112360,Maintenance & Management,13,NULL,0,0,0,0,0
378,2013-14,52741,2934426,0,362695.0536,0,0,3297121.054,Data Entry of Registration Form,1,52741,25912,0,0,0,0
379,2013-14,52742,11842148,0,1463689.493,0,0,13305837.49,Data Entry of Return Cum Challan,2,52742,1552876,0,12,0,839
380,2013-14,52743,1530911,0,189220.5996,0,0,1720131.6,Data Entry of Return Cum Challan,3,52743,36625,0,0,0,3153
381,2013-14,52744,1490473,0,184222.4628,0,0,1674695.463,Data Entry of Forms Utilisattion,4,52744,190529,0,0,0,0
382,2013-14,52745,50000,0,6180,0,0,56180,Software Development,10,52745,0,0,0,0,0
383,2013-14,52746,100000,0,12360,0,0,112360,Maintenance & Management,13,NULL,0,0,0,0,0
384,2013-14,52747,2858109,0,353262.2724,0,0,3211371.272,Data Entry of Registration Form,1,52747,22040,0,0,0,0
385,2013-14,52748,8298110,0,1025646.396,0,0,9323756.396,Data Entry of Return Cum Challan,2,52748,477807,0,0,4,4312
386,2013-14,52749,1490853,0,184269.4308,0,0,1675122.431,Data Entry of Return Cum Challan,3,52749,13790,0,0,0,2481
387,2013-14,52750,992739,0,122702.5404,0,0,1115441.54,Data Entry of Forms Utilisattion,4,52750,67632,0,0,0,0
388,2013-14,52751,50000,0,6180,0,0,56180,Software Development,10,52751,0,0,0,0,0
389,2013-14,52752,29864,0,3691.1904,0,0,33555.1904,Printing of VAT / CST Notice,7,52752,14932,0,0,0,0
390,2013-14,52753,110000,0,13596,0,0,123596,WAN Link 2 MBPS,14,NULL,0,0,0,0,0
391,2013-14,52754,100000,0,12360,0,0,112360,Maintenance & Management,13,NULL,0,0,0,0,0
392,2013-14,52755,2967519,0,366785.3484,0,0,3334304.348,Data Entry of Registration Form,1,52755,27591,0,0,0,0
393,2013-14,52756,8237887,0,1018202.833,0,0,9256089.833,Data Entry of Return Cum Challan,2,52756,462935,0,122,0,14356
394,2013-14,52757,1452066,0,179475.3576,0,0,1631541.358,Data Entry of Return Cum Challan,3,52757,31045,0,0,0,13282
395,2013-14,52758,988402,0,122166.4872,0,0,1110568.487,Data Entry of Forms Utilisattion,4,52758,66561,0,0,0,0
396,2013-14,52759,50000,0,6180,0,0,56180,Software Development,10,52759,0,0,0,0,0
397,2013-14,52760,80864,0,9994.7904,0,0,90858.7904,Printing of VAT / CST Notice,7,52760,40432,0,0,0,0
398,2013-14,52761,3011137,0,372176.5332,0,0,3383313.533,Data Entry Registration Forms,1,52761,29804,0,0,0,0
399,2013-14,52762,10797819,0,1334610.428,0,0,12132429.43,Data Entry of Return Cum Challan,2,52762,1095017,0,348,0,3179
400,2013-14,52763,1487490,0,183853.764,0,0,1671343.764,Data Entry of Return Cum Challan,3,52763,33552,0,0,0,3428
401,2013-14,52764,2416784,0,298714.5024,0,0,2715498.502,Data Entry of Forms Utilisattion,4,52764,419248,0,0,0,0
402,2013-14,52765,50000,0,6180,0,0,56180,Software Development,10,52765,0,0,0,0,0
403,2013-14,52766,120000,0,14832,0,0,134832,Maintenane & Management,13,NULL,0,0,0,0,0
404,2013-14,52767,79707,0,9851.7852,0,0,89558.7852,Data Entry of Registration Form,1,NULL,0,0,0,0,0
405,2013-14,52768,3031083,0,374641.8588,0,0,3405724.859,Data Entry of Registration Form,1,52768,30816,0,0,0,0
406,2013-14,52769,7779632,0,961562.5152,0,0,8741194.515,Date Entry of Return Cum Challan,2,52769,354807,0,265,0,12622
407,2013-14,52770,1488196,0,183941.0256,0,0,1672137.026,Data Entry of Return Cum Challan,3,52770,33602,0,0,0,3236
408,2013-14,52771,1194875,0,147686.55,0,0,1342561.55,Data Entry of Forms Utilisattion,4,52771,117542,0,0,0,0
409,2013-14,52772,50000,0,6180,0,0,56180,Software Development,10,52772,0,0,0,0,0
410,2013-14,52773,645000,0,79722,0,0,724722,Manpower Cost per quarter ,10,NULL,115813,0,0,0,0
411,2013-14,52774,645000,0,79722,0,0,724722,Manpower Cost per quarter ,10,NULL,0,0,0,0,0
412,2013-14,52775,10893911,0,1346487.4,0,0,12240398.4,Oracle Data Base Ent Edition,12,NULL,0,0,0,0,0
413,2013-14,52776,851497,0,105245.0292,0,0,956742.0292,VS5 Ent PL C Vmware vspere 5 Ent,12,NULL,0,0,0,0,0
414,2013-14,52777,266742,0,32969.3112,0,0,299711.3112,RHEL OS for Application Server,12,NULL,0,0,0,0,0
415,2013-14,52778,2996157,0,370325.0052,0,0,3366482.005,Data Entry of Registration Form,1,52778,29044,0,0,0,0
416,2013-14,52779,7794293,0,963374.6148,0,0,8757667.615,Data Entry of Return Cum Challan,2,52779,358065,0,0,0,660267
417,2013-14,52780,1560598,0,192889.9128,0,0,1753487.913,Data Entry of Return Cum Challan,3,52780,38726,0,0,0,22217
418,2013-14,52781,1200338,0,148361.7768,0,0,1348699.777,Data Entry of Forms Utilisattion,4,52781,118891,0,0,0,0
419,2013-14,52782,50000,0,6180,0,0,56180,Software Development,10,52782,0,0,0,0,0
420,2013-14,52783,53317440,0,6590035.584,0,0,59907475.58,Data entry of Annual Returns,5,NULL,134968,0,0,0,0
421,2013-14,52784,30629906,0,3785856.382,0,0,34415762.38,TATA MPLS,14,NULL,0,0,0,0,0
422,2013-14,52785,1000000,0,123600,0,0,1123600,Software Development and Warranty,10,NULL,0,0,0,0,0
423,2013-14,52786,449923,0,55610.4828,0,0,505533.4828,Data Entry of Return Cum Challan,3,NULL,3878,0,0,0,0
424,2013-14,2,0,0,0,0,0,0,NULL,12,NULL,10108,0,0,0,0
425,2013-14,3,0,0,0,0,0,0,NULL,12,NULL,24164,0,0,0,0
426,2013-14,52501,1294128,5,0,64706.4,0,1358834.4,UPS 20 KVA 3 PH ,2,NULL,0,0,0,0,0
427,2013-14,52502,802560,5,0,40128,0,842688,48 Port 10/100/1000 ports ,12,NULL,0,0,0,0,0
428,2013-14,52502,30096,0,3719.8656,0,0,33815.8656,48 Port 10/100/1000 ports ,12,NULL,0,0,0,0,0
429,2013-14,52503,3104417,5,0,155220.85,0,3259637.85,SRX240 Services Gateway,12,NULL,0,0,0,0,0
430,2013-14,52503,167504,0,20703.4944,0,0,188207.4944,SRX240 Services Gateway,12,NULL,0,0,0,0,0
431,2013-14,52505,4186716,5,0,209335.8,0,4396051.8,Blade Server Chassis,12,NULL,0,0,0,0,0
432,2013-14,52701,2957466,0,365542.7976,0,0,3323008.798,Data Entry of Registration Form,1,52701,27081,0,0,0,0
433,2013-14,52702,10710679,0,1323839.924,0,0,12034518.92,Data Entry of Returns cum Challans,2,52702,1073501,0,286973,0,19969
434,2013-14,52703,1566152,0,193576.3872,0,0,1759728.387,Data Entry of Returns cum Challans,3,52703,39139,0,0,0,7440
435,2013-14,52704,1370196,0,169356.2256,0,0,1539552.226,Data Entry of Forms Utilisattion,4,52704,160831,0,0,0,0
436,2013-14,52705,50000,0,6180,0,0,56180,Software Development,10,52705,0,0,0,0,0
437,2013-14,52706,100000,0,12360,0,0,112360,Maintenance & Management,13,52707,150654,0,0,0,0
438,2013-14,52707,301308,0,37241.6688,0,0,338549.6688,Printing of VAT / CST Notice,7,NULL,0,0,0,0,0
439,2013-14,52708,2427000,0,299977.2,0,0,2726977.2,Internet Connections ,11,NULL,0,0,0,0,0
440,2013-14,52709,100000,0,12360,0,0,112360,Maintenance & Management,13,NULL,0,0,0,0,0
441,2013-14,52710,2875788,0,355447.3968,0,0,3231235.397,Data Entry of Registration Form,1,52710,22937,0,0,0,0
442,2013-14,52711,8522634,0,1053397.562,0,0,9576031.562,Data Entry of Returns cum Challans,2,52711,533243,0,105794,0,8532
443,2013-14,52712,1367964,0,169080.3504,0,0,1537044.35,Data Entry of Returns cum Challans,3,52712,25093,0,-71,0,8406
444,2013-14,52713,1339383,0,165547.7388,0,0,1504930.739,Data Entry of Forms Utilisattion,4,52713,153223,0,0,0,0
445,2013-14,52714,50000,0,6180,0,0,56180,Software Development,10,52714,0,0,0,0,0
446,2013-14,52715,100000,0,12360,0,0,112360,Maintenance & Management,13,NULL,0,0,0,0,0
447,2013-14,52716,2945621,0,364078.7556,0,0,3309699.756,Data Entry of Registration Form,1,52716,26480,0,0,0,0
448,2013-14,52717,8681738,0,1073062.817,0,0,9754800.817,Data Entry of Returns cum Challans,2,52717,572528,0,84049,0,24868
449,2013-14,52718,2039038,0,252025.0968,0,0,2291063.097,Data Entry of Returns cum Challans,3,52718,80603,0,-318,0,9115
450,2013-14,52719,1498876,0,185261.0736,0,0,1684137.074,Data Entry of Forms Utilisattion,4,52719,192604,0,0,0,0
451,2013-14,52720,50000,0,6180,0,0,56180,Software Development,10,52720,0,0,0,0,0
452,2013-14,52721,336688,0,41614.6368,0,0,378302.6368,Printing of VAT / CST Notice,7,52721,168344,0,0,0,0
453,2013-14,52722,100000,0,12360,0,0,112360,Maintenance & Management,13,NULL,0,0,0,0,0
454,2013-14,52723,2982754,0,368669,0,0,3351423,Data Entry of Registration Form,1,52723,28364,0,0,0,0
455,2013-14,52724,8454615,0,1044990.414,0,0,9499605.414,Data Entry of Returns cum Challans,2,52724,516448,0,0,0,7681
456,2013-14,52725,2086541,0,257897,0,0,2344438,Data Entry of Returns cum Challans,3,52725,84792,0,0,0,3788
457,2013-14,52726,1551579,0,191775.1644,0,0,1743354.164,Data Entry of Forms Utilisattion,4,52726,205617,0,0,0,0
458,2013-14,52727,50000,0,6180,0,0,56180,Software Development,10,52727,0,0,0,0,0
459,2013-14,52728,100000,0,12360,0,0,112360,Maintenance & Management,13,NULL,111092,0,0,0,0
460,2013-14,52729,2949031,0,364500.2316,0,0,3313531.232,Data Entry of Registration Form,1,52729,26653,0,0,206432,0
461,2013-14,52730,6683017,0,826020.9012,0,0,7509037.901,Data Entry of Returns cum Challans,2,52730,267107,0,50,467807,17713
462,2013-14,52731,1662844,0,205527.5184,0,0,1868371.518,Data Entry of Returns cum Challans,3,52731,47429,0,-23,116400,10927
463,2013-14,52732,1450491,0,179280.6876,0,0,1629771.688,Data Entry of Forms Utilisattion,4,52732,180657,0,0,101534,0
464,2013-14,52733,50000,0,6180,0,0,56180,Software Development,10,52733,0,0,0,0,0
465,2013-14,52734,100000,0,12360,0,0,112360,Maintenance & Management,13,NULL,0,0,0,0,0
466,2013-14,52735,2805836,0,346801.3296,0,0,3152637.33,Data Entry of Registration Form,1,52735,19399,0,0,0,0
467,2013-14,52736,7022689,0,868004.3604,0,0,7890693.36,Data Entry of Returns Cum Challan ,2,52736,280683,0,125,0,4593
468,2013-14,52737,1494866,0,184765.4376,0,0,1679631.438,Data Entry of Returns cum challan,3,52737,34074,0,0,0,7322
469,2013-14,52738,1569642,0,194007.7512,0,0,1763649.751,Data Entry of Forms Utilisattion,4,52738,210077,0,0,0,0
470,2013-14,52739,50000,0,6180,0,0,56180,Software Development,10,52739,0,0,0,0,0
471,2014-15,52701,1562000,0,193063.2,0,0,1755063.2,INTERNET LEASED LINE,14,NULL,0,0,0,0,0
472,2014-15,52702,2960423,0,365908.2828,0,0,3326331.283,DATA ENTRY-REGISTR FORMS,1,52702,27231,0,0,0,0
473,2014-15,52703,9801604,0,1211478.254,0,0,11013082.25,D.E. RETURNS CUM CHALLANS,2,52703,849038,0,0,0,14343
474,2014-15,52704,1465193,0,181097.8548,0,0,1646290.855,D.E. RETURNS CUM CHALLANS-PTEC,3,52704,31974,0,0,0,6878
475,2014-15,52705,1843377,0,227841.3972,0,0,2071218.397,D.E. OF FORMS UTILIZATIONS,4,52705,277666,0,0,0,0
476,2014-15,52706,50000,0,6180,0,0,56180,SOFTWARE DEVELOPMENT,10,52706,0,0,0,0,0
477,2014-15,52501,720000,12.5,0,90000,0,810000,SUPPLY,12,NULL,0,0,0,0,0
478,2014-15,52501,180000,0,22248,0,0,202248,INSTALL.,12,NULL,0,0,0,0,0
479,2014-15,52707,645000,0,79722,0,0,724722,MANPOWER COST,10,NULL,0,0,0,0,0
480,2014-15,52708,22000,0,2719.2,0,0,24719.2,OTC FOR INSTALLATION,12,NULL,0,0,0,0,0
481,2014-15,52709,114000,0,14090.4,0,0,128090.4,VIRTUALISATION,12,NULL,0,0,0,0,0
482,2014-15,52710,107360,0,13269.696,0,0,120629.696,SUPPORT,12,NULL,0,0,0,0,0
483,2014-15,52711,2882095,0,356226.942,0,0,3238321.942,DATA ENTRY-REGISTR FORMS,1,52711,23257,0,0,28821,0
484,2014-15,52712,8795069,0,1087070.528,0,0,9882139.528,D.E. RETURNS CUM CHALLANS,2,52712,600511,0,4,87951,651
485,2014-15,52713,1495063,0,184789.7868,0,0,1679852.787,D.E. RETURNS CUM CHALLANS-PTEC,3,52713,34088,0,0,14951,603
486,2014-15,52714,2094903,0,258930.0108,0,0,2353833.011,D.E. OF FORMS UTILIZATIONS,4,52714,303771,0,0,20949,0
487,2014-15,52715,50000,0,6180,0,0,56180,SOFTWARE DEVELOPMENT,10,52715,0,0,0,0,0
488,2014-15,52716,2872359,0,355023.5724,0,0,3227382.572,DATA ENTRY-REGISTR FORMS,1,52716,22763,0,0,28724,0
489,2014-15,52717,8249276,0,1019610.514,0,0,9268886.514,D.E. RETURNS CUM CHALLANS,2,52717,51747,0,4,82493,12831
490,2014-15,52718,2339015,0,289102.254,0,0,2628117.254,D.E. RETURNS CUM CHALLANS-PTEC,3,52718,107056,0,0,23390,12375
491,2014-15,52719,1931910,0,238784.076,0,0,2170694.076,D.E. OF FORMS UTILIZATIONS,4,52719,299526,0,0,19319,0
492,2014-15,52720,50000,0,6180,0,0,56180,SOFTWARE DEVELOPMENT,10,52720,0,0,0,0,0
493,2014-15,52721,2876675,0,355557.03,0,0,3232232.03,DATA ENTRY-REGISTR FORMS,1,52721,0,0,0,0,0
494,2014-15,52722,9375933,0,1158865.319,0,0,10534798.32,D.E. RETURNS CUM CHALLANS,2,52722,0,0,0,0,266389
495,2014-15,52723,2411637,0,298078.3332,0,0,2709715.333,D.E. RETURNS CUM CHALLANS-PTEC,3,52723,0,0,0,0,5102
496,2014-15,52724,1850939,0,228776.0604,0,0,2079715.06,D.E. OF FORMS UTILIZATIONS,4,52724,0,0,0,0,0
497,2014-15,52725,50000,0,6180,0,0,56180,SOFTWARE DEVELOPMENT,10,52725,0,0,0,0,0
498,2014-15,52726,2849594,0,352209.8184,0,0,3201803.818,DATA ENTRY-REGISTR FORMS,1,52726,0,0,0,0,28496
499,2014-15,52727,7702323,0,952007.1228,0,0,8654330.123,D.E. RETURNS CUM CHALLANS,2,52727,0,0,0,0,137246
500,2014-15,52728,1669592,0,206361.5712,0,0,1875953.571,D.E. RETURNS CUM CHALLANS-PTEC,3,52728,0,0,0,0,34961
501,2014-15,52729,1880330,0,232408.788,0,0,2112738.788,D.E. OF FORMS UTILIZATIONS,4,52729,0,0,0,0,18803
502,2014-15,52730,50000,0,6180,0,0,56180,SOFTWARE DEVELOPMENT,10,52730,0,0,0,0,0
503,2014-15,52731,2781298,0,343768.4328,0,0,3125066.433,DATA ENTRY-REGISTR FORMS,1,52731,0,0,0,0,0
504,2014-15,52732,7966872,0,984705.3792,0,0,8951577.379,D.E. RETURNS CUM CHALLANS,2,52732,0,0,0,0,19785
505,2014-15,52733,1566858,0,193663.6488,0,0,1760521.649,D.E. RETURNS CUM CHALLANS-PTEC,3,52733,0,0,0,0,16422
506,2014-15,52734,1625427,0,200902.7772,0,0,1826329.777,D.E. OF FORMS UTILIZATIONS,4,52734,0,0,0,0,0
507,2014-15,52735,50000,0,6180,0,0,56180,SOFTWARE DEVELOPMENT,10,52735,0,0,0,0,0
508,2014-15,52736,645000,0,79722,0,0,724722,MANPOWER COST,10,NULL,0,0,0,0,0
509,2014-15,52737,877913,0,108510.0468,0,0,986423.0468,IMPLEMENTATION & INTEGRATION,12,NULL,0,0,0,0,0
510,2014-15,52738,2396231,0,296174.1516,0,0,2692405.152,DATA ENTRY-REGISTR FORMS,1,52738,14808,0,0,0,0
511,2014-15,52739,10839416,0,1339751.818,0,0,12179167.82,D.E. RETURNS CUM CHALLANS,2,52739,1105288,0,0,0,285045
512,2014-15,52740,1589917,0,196513.7412,0,0,1786430.741,D.E. RETURNS CUM CHALLANS-PTEC,3,52740,40998,0,0,0,28737
513,2014-15,52741,1428657,0,176582.0052,0,0,1605239.005,D.E. OF FORMS UTILIZATIONS,4,52741,175266,0,0,0,0
514,2014-15,52742,50000,0,6180,0,0,56180,SOFTWARE DEVELOPMENT,10,52742,0,0,0,0,0
515,2014-15,52743,1060000,0,131016,0,0,1191016,MAINTENANCE & MANAGEMENT,13,NULL,0,0,0,0,0
516,2014-15,52744,2796738,0,345676.8168,0,0,3142414.817,DATA ENTRY-REGISTR FORMS,1,52744,18983,0,0,27967,0
517,2014-15,52745,9520514,0,1176735.53,0,0,10697249.53,D.E. RETURNS CUM CHALLANS,2,52745,779633,0,0,95205,255905
518,2014-15,52746,1580063,0,195295.7868,0,0,1775358.787,D.E. RETURNS CUM CHALLANS-PTEC,3,52746,40129,0,0,15801,8835
519,2014-15,52747,2004341,0,247736.5476,0,0,2252077.548,D.E. OF FORMS UTILIZATIONS,4,52747,317410,0,0,20043,0
520,2014-15,52748,50000,0,6180,0,0,56180,SOFTWARE DEVELOPMENT,10,52748,0,0,0,0,0
521,2014-15,52749,500000,0,61800,0,0,561800,"TRAINING, FMS ",4,NULL,0,0,0,0,0
522,2014-15,52750,2874882,0,355335.4152,0,0,3230217.415,DATA ENTRY-REGISTR FORMS,1,52750,22891,22891,0,0,0
523,2014-15,52751,8204154,0,1014033.434,0,0,9218187.434,D.E. RETURNS CUM CHALLANS,2,52751,454606,0,0,0,4813
524,2014-15,52752,1552841,0,191931.1476,0,0,1744772.148,D.E. RETURNS CUM CHALLANS-PTEC,3,52752,38177,0,0,0,15930
525,2014-15,52753,2009180,0,248334.648,0,0,2257514.648,D.E. OF FORMS UTILIZATIONS,4,52753,318605,0,0,0,0
526,2014-15,52754,50000,0,6180,0,0,56180,SOFTWARE DEVELOPMENT,10,52754,0,0,0,0,0
527,2014-15,52755,2880006,0,355968.7416,0,0,3235974.742,DATA ENTRY-REGISTR FORMS,1,52755,23151,0,0,86400,0
528,2014-15,52756,10891714,0,1346215.85,0,0,12237929.85,D.E. RETURNS CUM CHALLANS,2,52756,1118201,0,0,326751,116693
529,2014-15,52757,1518816,0,187725.6576,0,0,1706541.658,D.E. RETURNS CUM CHALLANS-PTEC,3,52757,35769,0,0,45564,4633
530,2014-15,52758,1896315,0,234384.534,0,0,2130699.534,D.E. OF FORMS UTILIZATIONS,4,52758,290737,0,0,56889,0
531,2014-15,52759,50000,0,6180,0,0,56180,SOFTWARE DEVELOPMENT,10,52759,0,0,0,0,0
532,2014-15,52760,500000,0,61800,0,0,561800,"TRAINING, FMS ",12,NULL,0,0,0,0,0
533,2014-15,52761,469043,0,57973.7148,0,0,527016.7148,DATA ENTRY-REGISTR FORMS,1,NULL,0,0,0,0,0
534,2014-15,52762,546620,0,67563.232,0,0,614183.232,DATA ENTRY-REGISTR FORMS,1,NULL,0,0,0,0,0
535,2014-15,52763,76436,0,9447.4896,0,0,85883.4896,DATA ENTRY-REGISTR FORMS,1,NULL,0,0,0,0,0
536,2014-15,52764,343985,0,42516.546,0,0,386501.546,D.E. RETURNS CUM CHALLANS,2,NULL,0,0,0,0,0
537,2014-15,52765,118179,0,14606.9244,0,0,132785.9244,D.E. RETURNS CUM CHALLANS,3,NULL,0,0,0,0,0
538,2014-15,52766,35843,0,4430.1948,0,0,40273.1948,DATA ENTRY-REGISTR FORMS,1,NULL,0,0,0,0,0
539,2014-15,52767,62022,0,7665.9192,0,0,69687.9192,DATA ENTRY-REGISTR FORMS,1,NULL,0,0,0,0,0
540,2014-15,52768,360000,0,44496,0,0,404496,MAINTENANCE & MANAGEMENT,13,NULL,0,0,0,0,0
541,2014-15,52769,2900958,0,358558.4088,0,0,3259516.409,DATA ENTRY-REGISTR FORMS,1,52769,24214,0,0,0,0
542,2014-15,52770,7795525,0,963526.89,0,0,8759051.89,D.E. RETURNS CUM CHALLANS,2,52770,358339,0,0,0,4954
543,2014-15,52771,1447333,0,178890.3588,0,0,1626223.359,D.E. RETURNS CUM CHALLANS-PTEC,3,52771,30710,0,0,0,3434
544,2014-15,52772,2071846,0,256080.1656,0,0,2327926.166,D.E. OF FORMS UTILIZATIONS,4,52772,334078,0,0,0,0
545,2014-15,52773,50000,0,6180,0,0,56180,SOFTWARE DEVELOPMENT,10,52773,0,0,0,0,0
546,2014-15,52774,228000,5,0,11400,0,239400,"IMPL, & COMMISSIONING",12,NULL,27178,0,25997,0,0
547,2014-15,52774,2394996,0,296021.5056,0,0,2691017.506,"WARRANTY, MANPOWER",10,NULL,410247,0,285299,0,392576
548,2014-15,52775,2850008,0,352260.9888,0,0,3202268.989,DATA ENTRY-REGISTR FORMS,1,NULL,41019,0,25076,0,4860
549,2014-15,52776,7552932,0,933542.3952,0,0,8486474.395,D.E. RETURNS CUM CHALLANS,2,NULL,203304,0,48543,0,0
550,2014-15,52777,1454426,0,179767.0536,0,0,1634193.054,D.E. RETURNS CUM CHALLANS-PTEC,3,52779,0,0,0,0,0
551,2014-15,52778,1542211,0,190617.2796,0,0,1732828.28,D.E. OF FORMS UTILIZATIONS,4,NULL,0,0,0,0,0
552,2014-15,52779,50000,0,6180,0,0,56180,SOFTWARE DEVELOPMENT,10,NULL,0,0,0,0,0
553,2014-15,52780,109371,0,13518.2556,0,0,122889.2556,DATA ENTRY-REGISTR FORMS,1,NULL,0,0,0,0,0
554,2014-15,52781,471568,0,58285.8048,0,0,529853.8048,D.E. RETURNS CUM CHALLANS,2,NULL,0,0,0,0,0
555,2014-15,52782,135730,0,16776.228,0,0,152506.228,D.E. RETURNS CUM CHALLANS-PTEC,3,NULL,0,0,0,0,0
556,2014-15,52783,175239,0,21659.5404,0,0,196898.5404,D.E. OF FORMS UTILIZATIONS,4,NULL,0,0,0,0,0
557,2014-15,52784,53317440,0,6590035.584,0,0,59907475.58,ANNUAL RETURNS,5,NULL,0,0,0,0,0
558,2015-16,52701,2981513,0,368515.0068,0,0,3350028.007,D.E-REGD FORMS,1,NULL,0,0,0,0,0
559,2015-16,52702,10408751,0,1286521.624,0,0,11695272.62,D.E-RET/CHALL-EXCL.PTEC,2,NULL,0,0,0,0,0
560,2015-16,52703,1663468,0,205604.6448,0,0,1869072.645,D.E-RET/CHALL-EPTEC,3,NULL,0,0,0,0,0
561,2015-16,52704,1629590,0,201417.324,0,0,1831007.324,D.E. FOR FORMS UTILIZATION,4,NULL,0,0,0,0,0
562,2015-16,52705,50000,0,6180,0,0,56180,SOFTWARE DEV.,10,NULL,0,0,0,0,0
563,2015-16,52706,4220378,0,590852.92,0,0,4811230.92,PETC COURTESY LET,7,NULL,0,0,0,0,0
564,2015-16,52707,2703203,0,378448.42,0,0,3081651.42,D.E-REGD FORMS,1,NULL,0,0,0,0,0
565,2015-16,52708,8726446,0,1221702.44,0,0,9948148.44,D.E-RET/CHALL-EXCL.PTEC,2,NULL,0,0,0,0,0
566,2015-16,52709,1638407,0,229376.98,0,0,1867783.98,D.E-RET/CHALL-EPTEC,3,NULL,0,0,0,0,0
567,2015-16,52710,2112249,0,295714.86,0,0,2407963.86,D.E. FOR FORMS UTILIZATION,4,NULL,0,0,0,0,0
568,2015-16,52711,50000,0,7000,0,0,57000,SOFTWARE DEV.,10,NULL,0,0,0,0,0
569,2015-16,52712,2996748,0,419544.72,0,0,3416292.72,D.E-REGD FORMS,1,NULL,0,0,0,0,0
570,2015-16,52713,8799359,0,1231910.26,0,0,10031269.26,D.E-RET/CHALL-EXCL.PTEC,2,NULL,0,0,0,0,0
571,2015-16,52714,2985146,0,417920.44,0,0,3403066.44,D.E-RET/CHALL-EPTEC,3,NULL,0,0,0,0,0
572,2015-16,52715,2063467,0,288885.38,0,0,2352352.38,D.E. FOR FORMS UTILIZATION,4,NULL,0,0,0,0,0
573,2015-16,52716,50000,0,7000,0,0,57000,SOFTWARE DEV.,10,NULL,0,0,0,0,0
574,2015-16,52717,3108721,0,435220.94,0,0,3543941.94,D.E-REGD FORMS,1,NULL,0,0,0,0,0
575,2015-16,52718,9174704,0,1284458.56,0,0,10459162.56,D.E-RET/CHALL-EXCL.PTEC,2,NULL,0,0,0,0,0
576,2015-16,52719,2586941,0,362171.74,0,0,2949112.74,D.E-RET/CHALL-EPTEC,3,NULL,0,0,0,0,0
577,2015-16,52720,2074798,0,290471.72,0,0,2365269.72,D.E. FOR FORMS UTILIZATION,4,NULL,0,0,0,0,0
578,2015-16,52721,50000,0,7000,0,0,57000,SOFTWARE DEV.,10,NULL,0,0,0,0,0
579,2015-16,52722,3038376,0,425372.64,0,0,3463748.64,D.E-REGD FORMS,1,NULL,0,0,0,0,0
580,2015-16,52723,7720881,0,1080923.34,0,0,8801804.34,D.E-RET/CHALL-EXCL.PTEC,2,NULL,0,0,0,0,0
581,2015-16,52724,1771969,0,248075.66,0,0,2020044.66,D.E-RET/CHALL-EPTEC,3,NULL,0,0,0,0,0
582,2015-16,52725,1773758,0,248326.12,0,0,2022084.12,D.E. FOR FORMS UTILIZATION,4,NULL,0,0,0,0,0
583,2015-16,52726,50000,0,7000,0,0,57000,SOFTWARE DEV.,10,NULL,0,0,0,0,0
584,2015-16,52727,846000,0,118440,0,0,964440,MAINTENANCE & MANAGEMENT,13,NULL,0,0,0,0,0
585,2015-16,52728,2864731,0,401062.34,0,0,3265793.34,D.E-REGD FORMS,1,NULL,0,0,0,0,0
586,2015-16,52729,7730048,0,1082206.72,0,0,8812254.72,D.E-RET/CHALL-EXCL.PTEC,2,NULL,0,0,0,0,0
587,2015-16,52730,1524115,0,213376.1,0,0,1737491.1,D.E-RET/CHALL-EPTEC,3,NULL,0,0,0,0,0
588,2015-16,52731,1436640,0,201129.6,0,0,1637769.6,D.E. FOR FORMS UTILIZATION,4,NULL,0,0,0,0,0
589,2015-16,52732,50000,0,7000,0,0,57000,SOFTWARE DEV.,10,NULL,0,0,0,0,0
590,2015-16,52733,3047265,0,426617.1,0,0,3473882.1,D.E-REGD FORMS,1,NULL,0,0,0,0,0
591,2015-16,52734,11171865,0,1564061.1,0,0,12735926.1,D.E-RET/CHALL-EXCL.PTEC,2,NULL,0,0,0,0,0
592,2015-16,52735,1449225,0,202891.5,0,0,1652116.5,D.E-RET/CHALL-EPTEC,3,NULL,0,0,0,0,0
593,2015-16,52736,1540955,0,215733.7,0,0,1756688.7,D.E. FOR FORMS UTILIZATION,4,NULL,0,0,0,0,0
594,2015-16,52737,50000,0,7000,0,0,57000,SOFTWARE DEV.,10,NULL,0,0,0,0,0
595,2015-16,52738,904772.6378,0,126668.1693,0,0,1031440.807,INTERNT CONNECTINS,11,NULL,0,0,0,0,0
596,2015-16,52738,254525.3622,0,36914.17752,0,0,291439.5397,INTERNT CONNECTINS,11,NULL,0,0,0,0,0
597,2015-16,52739,87946.9589,0,12312.57425,0,0,100259.5332,WAN LINK SUPPORT,4,NULL,0,0,0,0,0
598,2015-16,52739,19413.0411,0,2814.890959,0,0,22227.93205,WAN LINK SUPPORT,4,NULL,0,0,0,0,0
599,2015-16,52740,1862710,0,260779.4,0,0,2123489.4,D.E-REGD FORMS,1,NULL,0,0,0,0,0
600,2015-16,52741,8612305,0,1205722.7,0,0,9818027.7,D.E-RET/CHALL-EXCL.PTEC,2,NULL,0,0,0,0,0
601,2015-16,52742,828532,0,115995.48,0,0,944527.48,D.E-RET/CHALL-EPTEC,3,NULL,0,0,0,0,0
602,2015-16,52743,1136859,0,159160.26,0,0,1296019.26,D.E. FOR FORMS UTILIZATION,4,NULL,0,0,0,0,0
603,2015-16,52744,1099763,0,159465.635,0,0,1259228.635,D.E-REGD FORMS,1,NULL,0,0,0,0,0
604,2015-16,52745,868332,0,125908.14,0,0,994240.14,D.E-RET/CHALL-EXCL.PTEC,2,NULL,0,0,0,0,0
605,2015-16,52746,486599,0,70556.855,0,0,557155.855,D.E-RET/CHALL-EPTEC,3,NULL,0,0,0,0,0
606,2015-16,52747,724152,0,105002.04,0,0,829154.04,D.E. FOR FORMS UTILIZATION,4,NULL,0,0,0,0,0
607,2015-16,52748,50000,0,7250,0,0,57250,SOFTWARE DEV.,10,NULL,0,0,0,0,0
608,2015-16,52749,3066719,0,444674.255,0,0,3511393.255,D.E-REGD FORMS,1,NULL,0,0,0,0,0
609,2015-16,52750,8091309,0,1173239.805,0,0,9264548.805,D.E-RET/CHALL-EXCL.PTEC,2,NULL,0,0,0,0,0
610,2015-16,52751,1300663,0,188596.135,0,0,1489259.135,D.E-RET/CHALL-EPTEC,3,NULL,0,0,0,0,0
611,2015-16,52752,1909161,0,276828.345,0,0,2185989.345,D.E. FOR FORMS UTILIZATION,4,NULL,0,0,0,0,0
612,2015-16,52753,50000,0,7250,0,0,57250,SOFTWARE DEV.,10,NULL,0,0,0,0,0
613,2015-16,52754,3021997,0,438189.565,0,0,3460186.565,D.E-REGD FORMS,1,NULL,0,0,0,0,0
614,2015-16,52755,10411226,0,1509627.77,0,0,11920853.77,D.E-RET/CHALL-EXCL.PTEC,2,NULL,0,0,0,0,0
615,2015-16,52756,1142359,0,165642.055,0,0,1308001.055,D.E-RET/CHALL-EPTEC,3,NULL,0,0,0,0,0
616,2015-16,52757,1772344,0,256989.88,0,0,2029333.88,D.E. FOR FORMS UTILIZATION,4,NULL,0,0,0,0,0
617,2015-16,52758,50000,0,7250,0,0,57250,SOFTWARE DEV.,10,NULL,0,0,0,0,0
618,2015-16,52759,726000,0,105270,0,0,831270,MAINTANANCE & MANAGEMENT & RESTORATION,13,NULL,0,0,0,0,0
619,2015-16,52760,3121552,0,452625.04,0,0,3574177.04,D.E-REGD FORMS,1,NULL,0,0,0,0,0
620,2015-16,52761,7637141,0,1107385.445,0,0,8744526.445,D.E-RET/CHALL-EXCL.PTEC,2,NULL,0,0,0,0,0
621,2015-16,52762,1090066,0,158059.57,0,0,1248125.57,D.E-RET/CHALL-EPTEC,3,NULL,0,0,0,0,0
622,2015-16,52763,2065099,0,299439.355,0,0,2364538.355,D.E. FOR FORMS UTILIZATION,4,NULL,0,0,0,0,0
623,2015-16,52764,50000,0,7250,0,0,57250,SOFTWARE DEV.,10,NULL,0,0,0,0,0
624,2015-16,52765,32760225,0,4750232.625,0,0,37510457.63, MPLS UPGRADATION,14,NULL,0,0,0,0,0
625,2015-16,52766,3061949,0,443982.605,0,0,3505931.605,D.E-REGD FORMS,1,NULL,0,0,0,0,0
626,2015-16,52767,7657578,0,1110348.81,0,0,8767926.81,D.E-RET/CHALL-EXCL.PTEC,2,NULL,0,0,0,0,0
627,2015-16,52768,1303390,0,188991.55,0,0,1492381.55,D.E-RET/CHALL-EPTEC,3,NULL,0,0,0,0,0
628,2015-16,52769,1485017,0,215327.465,0,0,1700344.465,D.E. FOR FORMS UTILIZATION,4,NULL,0,0,0,0,0
629,2015-16,52770,53317440,0,7731028.8,0,0,61048468.8,D.E. ANNUAL RETURNS),5,NULL,0,0,0,0,0
630,2015-16,52771,4337780,0,628978.1,0,0,4966758.1,"SUPPORT, MAINTENANCE & MANPOWER",13,NULL,0,0,0,0,0
631,2015-16,52772,69655,0,10099.975,0,0,79754.975,D.E-REGD FORMS,1,NULL,0,0,0,0,0
632,2015-16,52773,356210,0,51650.45,0,0,407860.45,D.E-RET/CHALL-EXCL.PTEC,2,NULL,0,0,0,0,0
633,2015-16,52774,91308,0,13239.66,0,0,104547.66,D.E-RET/CHALL-EPTEC,3,NULL,0,0,0,0,0
634,2015-16,52775,69202,0,10034.29,0,0,79236.29,D.E. FOR FORMS UTILIZATION,4,NULL,0,0,0,0,0
635,2015-16,52776,50000,0,7250,0,0,57250,SOFTWARE DEV.,10,NULL,0,0,0,0,0
636,2015-16,52777,10920074,0,1583410.73,0,0,12503484.73,"BSNL, MPLS UPGRADATION",14,NULL,0,0,0,0,0
637,2016-17,52701,3100817,434114.38,449618.465,0,15504.085,3550435.465,D.E-REGD FORMS,REGULAR,,,,,,
638,2016-17,52702,10285571,1439979.94,1491407.795,0,51427.855,11776978.8,D.E-RET/CHALL-EXCL.PTEC,REGULAR,,,,,,
639,2016-17,52703,1440818,201714.52,208918.61,0,7204.09,1649736.61,D.E-RET/CHALL-EPTEC,REGULAR,,,,,,
640,2016-17,52704,1389595,194543.3,201491.275,0,6947.975,1591086.275,D.E. FOR FORMS UTILIZATION,REGULAR,,,,,,
641,2016-17,52705,50000,7000,7250,0,250,57250,SOFTWARE DEV.,OTHER,,,,,,
642,2016-17,52706,2750940,385131.6,412641,13754.7,13754.7,3163581,D.E-REGD FORMS,REGULAR,,,,,,
643,2016-17,52707,8897259,1245616.26,1334588.85,44486.295,44486.295,10231847.85,D.E-RET/CHALL-EXCL.PTEC,REGULAR,,,,,,
644,2016-17,52708,1411371,197591.94,211705.65,7056.855,7056.855,1623076.65,D.E-RET/CHALL-EPTEC,REGULAR,,,,,,
645,2016-17,52709,2048206,286748.84,307230.9,10241.03,10241.03,2355436.9,D.E. FOR FORMS UTILIZATION,REGULAR,,,,,,
646,2016-17,52710,50000,7000,7500,250,250,57500,SOFTWARE DEV.,OTHER,,,,,,
647,2016-17,52711,2750940,385131.6,412641,13754.7,13754.7,3163581,D.E-REGD FORMS,REGULAR,,,,,,
648,2016-17,52712,8334682,1166855.48,1250202.3,41673.41,41673.41,9584884.3,D.E-RET/CHALL-EXCL.PTEC,REGULAR,,,,,,
649,2016-17,52713,2348382,328773.48,352257.3,11741.91,11741.91,2700639.3,D.E-RET/CHALL-EPTEC,REGULAR,,,,,,
650,2016-17,52714,1930209,270229.26,289531.35,9651.045,9651.045,2219740.35,D.E. FOR FORMS UTILIZATION,REGULAR,,,,,,
651,2016-17,52715,50000,7000,7500,250,250,57500,SOFTWARE DEV.,OTHER,,,,,,
652,2016-17,52716,2750940,385131.6,412641,13754.7,13754.7,3163581,D.E-REGD FORMS,REGULAR,,,,,,
653,2016-17,52717,8478169,1186943.66,1271725.35,42390.845,42390.845,9749894.35,D.E-RET/CHALL-EXCL.PTEC,REGULAR,,,,,,
654,2016-17,52718,1911713,267639.82,286756.95,9558.565,9558.565,2198469.95,D.E-RET/CHALL-EPTEC,REGULAR,,,,,,
655,2016-17,52719,1646082,230451.48,246912.3,8230.41,8230.41,1892994.3,D.E. FOR FORMS UTILIZATION,REGULAR,,,,,,
656,2016-17,52720,50000,7000,7500,250,250,57500,SOFTWARE DEV.,OTHER,,,,,,
657,2016-17,52721,1652182,231305.48,247827.3,8260.91,8260.91,1900009.3,D.E-REGD FORMS,REGULAR,,,,,,
658,2016-17,52722,7435994,1041039.16,1115399.1,37179.97,37179.97,8551393.1,D.E-RET/CHALL-EXCL.PTEC,REGULAR,,,,,,
659,2016-17,52723,2399276,335898.64,359891.4,11996.38,11996.38,2759167.4,D.E-RET/CHALL-EPTEC,REGULAR,,,,,,
660,2016-17,52724,1561813,218653.82,234271.95,7809.065,7809.065,1796084.95,D.E. FOR FORMS UTILIZATION,REGULAR,,,,,,
661,2016-17,52725,50000,7000,7500,250,250,57500,SOFTWARE DEV.,OTHER,,,,,,
662,2016-17,52726,339308,47503.12,50896.2,1696.54,1696.54,390204.2,INTERNET CONNECTIONS,OTHER,,,,,,
663,2016-17,52727,722963,101215.82,108445.45,3614.815,3614.815,831408.45,OPERATE SPECIALIST NEXTDAY SUPPORT,OTHER,,,,,,
664,2016-17,52728,4017470,562445.8,602620.5,20087.35,20087.35,4620090.5,D.E-REGD FORMS,REGULAR,,,,,,
665,2016-17,52729,6341544,887816.16,951231.6,31707.72,31707.72,7292775.6,D.E-RET/CHALL-EXCL.PTEC,REGULAR,,,,,,
666,2016-17,52730,2324582,325441.48,348687.3,11622.91,11622.91,2673269.3,D.E-RET/CHALL-EPTEC,REGULAR,,,,,,
667,2016-17,52731,1292666,180973.24,193899.9,6463.33,6463.33,1486565.9,D.E. FOR FORMS UTILIZATION,REGULAR,,,,,,
668,2016-17,52732,50000,7000,7500,250,250,57500,SOFTWARE DEV.,OTHER,,,,,,
669,2016-17,52733,2168890,303644.6,325333.5,10844.45,10844.45,2494223.5,OPERATE NEXT DAY SUPPORT EX 4200-24T,OTHER,,,,,,
670,2016-17,52734,16380112,2293216.68,2457017.8,81900.56,81900.56,18837129.8,BSNL MPLS UPGRADATION,OTHER,,,,,,
671,2016-17,52735,996000,139440,149400,4980,149400,1145400,Maintenance & Management,13,,,,,,
